CID,MolecularFormula,IsomericSMILES,InChI,InChIKey,IUPACName,nm_unique
934,Ni+2,[Ni+2],InChI=1S/Ni/q+2,VEQPNABPJHWNSG-UHFFFAOYSA-N,nickel(2+),Ni
935,Ni,[Ni],InChI=1S/Ni,PXHVJJICTQNCMI-UHFFFAOYSA-N,nickel,Ni
9863,CSi,[C-]#[Si+],InChI=1S/CSi/c1-2,HBMJWWWQQXIZIP-UHFFFAOYSA-N,methanidylidynesilanylium,SiC
14769,Al2O3,O=[Al]O[Al]=O,InChI=1S/2Al.3O,TWNQGVIAIRXVLR-UHFFFAOYSA-N,oxo(oxoalumanyloxy)alumane,Al2O3
14771,As2O5,O=[As](=O)O[As](=O)=O,InChI=1S/As2O5/c3-1(4)7-2(5)6,COHDHYZHOPQOFD-UHFFFAOYSA-N,,As2O5
14775,BeO,[Be]=O,InChI=1S/Be.O,LTPBRCUWZOMYOC-UHFFFAOYSA-N,oxoberyllium,BeO
14776,Bi2O3,O=[Bi]O[Bi]=O,InChI=1S/2Bi.3O,WMWLMWRWZQELOS-UHFFFAOYSA-N,oxo(oxobismuthanyloxy)bismuthane,Bi2O3
14778,CaO,O=[Ca],InChI=1S/Ca.O,ODINCKMPIJJUCX-UHFFFAOYSA-N,oxocalcium,CaO
14782,CdO,O=[Cd],InChI=1S/Cd.O,CXKCTMHTOKXKQT-UHFFFAOYSA-N,oxocadmium,CdO
14783,CdS,S=[Cd],InChI=1S/Cd.S,CJOBVZJTOIVNNF-UHFFFAOYSA-N,sulfanylidenecadmium,CdS
14786,CoO,O=[Co],InChI=1S/Co.O,IVMYJDGYRUAWML-UHFFFAOYSA-N,oxocobalt,CoO
14792,MgO,O=[Mg],InChI=1S/Mg.O,CPLXHLVBOLITMK-UHFFFAOYSA-N,oxomagnesium,MgO
14793,O2Pb,O=[Pb]=O,InChI=1S/2O.Pb,YADSGOSSYOOKMP-UHFFFAOYSA-N,dioxolead,PbO2
14794,O3Sb2,[O-2].[O-2].[O-2].[Sb+3].[Sb+3],InChI=1S/3O.2Sb/q3*-2;2*+3,GHPGOEFPKIHBNM-UHFFFAOYSA-N,antimony(3+);oxygen(2-),Sb2O3
14796,GeO2,O=[Ge]=O,InChI=1S/GeO2/c2-1-3,YBMRDBCBODYGJE-UHFFFAOYSA-N,dioxogermane,GeO2
14801,MnO2,O=[Mn]=O,InChI=1S/Mn.2O,NUJOXMJBOLGQSY-UHFFFAOYSA-N,dioxomanganese,MnO2
14802,MoO3,O=[Mo](=O)=O,InChI=1S/Mo.3O,JKQOBWVOAYFWKG-UHFFFAOYSA-N,trioxomolybdenum,MoO3
14805,NiO,O=[Ni],InChI=1S/Ni.O,GNRSAWUEBMWBQH-UHFFFAOYSA-N,oxonickel,NiO
14806,OZn,O=[Zn],InChI=1S/O.Zn,XLOMVQKBTHCTTD-UHFFFAOYSA-N,oxozinc,ZnO
14811,O3W,O=[W](=O)=O,InChI=1S/3O.W,ZNOKGRXACCSDPY-UHFFFAOYSA-N,trioxotungsten,WO3
14813,O5Sb2,O=[Sb](=O)O[Sb](=O)=O,InChI=1S/5O.2Sb,LJCFOYOSGPHIOO-UHFFFAOYSA-N,(dioxo-lambda5-stibanyl)oxy-dioxo-lambda5-stibane,Sb2O5
14814,O5V2,O=[V](=O)O[V](=O)=O,InChI=1S/5O.2V,GNTDGMZSJNCJKK-UHFFFAOYSA-N,dioxovanadiooxy(dioxo)vanadium,V2O5
14824,Mn2O3,O=[Mn]O[Mn]=O,InChI=1S/2Mn.3O,GEYXPJBPASPPLI-UHFFFAOYSA-N,oxo(oxomanganiooxy)manganese,Mn2O3
14827,OPb,O=[Pb],InChI=1S/O.Pb,YEXPOXQUZXUXJW-UHFFFAOYSA-N,oxolead,PbO
14829,CuO,O=[Cu],InChI=1S/Cu.O,QPLDLSVMHZLSFG-UHFFFAOYSA-N,oxocopper,CuO
14833,CuO,O=[Cu],InChI=1S/Cu.O,QPLDLSVMHZLSFG-UHFFFAOYSA-N,oxocopper,CuO/ZnO
14915,Fe2O3,[O-2].[O-2].[O-2].[Fe+3].[Fe+3],InChI=1S/2Fe.3O/q2*+3;3*-2,LIKBJVNGSGBSGK-UHFFFAOYSA-N,iron(3+);oxygen(2-),Fe2O3
14940,CrO3,O=[Cr](=O)=O,InChI=1S/Cr.3O,WGLPBDUCMAPZCE-UHFFFAOYSA-N,trioxochromium,CrO3
14945,MnO,O=[Mn],InChI=1S/Mn.O,VASIZKWUTCETSD-UHFFFAOYSA-N,oxomanganese,MnO
23925,FeO,O=[Fe],InChI=1S/Fe.O,UQSXHKLRYXJYBZ-UHFFFAOYSA-N,oxoiron,FeO
23926,Fe,[Fe],InChI=1S/Fe,XEEYBQQBJWHFJM-UHFFFAOYSA-N,iron,Fe
23930,La,[La],InChI=1S/La,FZLIPJUXYLNCLC-UHFFFAOYSA-N,lanthanum,La
23934,Mn,[Mn],InChI=1S/Mn,PWHULOQIROXLJO-UHFFFAOYSA-N,manganese,Mn
23939,Nd,[Nd],InChI=1S/Nd,QEFYFXOXNSNQGX-UHFFFAOYSA-N,neodymium,Nd
23942,Pt,[Pt],InChI=1S/Pt,BASFCYQUMIYNBI-UHFFFAOYSA-N,platinum,Pt
23954,Pr,[Pr],InChI=1S/Pr,PUDIUYLPXJFUGB-UHFFFAOYSA-N,praseodymium,Pr
23963,Ag,[Ag],InChI=1S/Ag,BQCADISMDOOEFD-UHFFFAOYSA-N,silver,Ag
23974,Ti,[Ti],InChI=1S/Ti,RTAQQCXQSZGOHL-UHFFFAOYSA-N,titanium,Ti
23976,Ce,[Ce],InChI=1S/Ce,GWXLDORMOJMVQZ-UHFFFAOYSA-N,cerium,Ce
23978,Cr,[Cr],InChI=1S/Cr,VYZAMTAEIAYCRO-UHFFFAOYSA-N,chromium,Cr
23980,Cu,[Cu],InChI=1S/Cu,RYGMFSIKBFXOCR-UHFFFAOYSA-N,copper,Cu
23982,Er,[Er],InChI=1S/Er,UYAHIZSMUZPPFV-UHFFFAOYSA-N,erbium,Er
23985,Gd,[Gd],InChI=1S/Gd,UIWYJDYFSGRHKR-UHFFFAOYSA-N,gadolinium,Gd
23990,Au,[Au],InChI=1S/Au,PCHJSUWPFVWCPO-UHFFFAOYSA-N,gold,Au
23993,V,[V],InChI=1S/V,LEONUFNNVUYDNQ-UHFFFAOYSA-N,vanadium,V
23994,Y,[Y],InChI=1S/Y,VWQVUPCCIRVNHF-UHFFFAOYSA-N,yttrium,Y
24261,Zn,[Zn],InChI=1S/Zn,HCHKCACWOHOZIP-UHFFFAOYSA-N,zinc,Zn
24350,O2Si,O=[Si]=O,InChI=1S/O2Si/c1-3-2,VYPSYNLAJGMNEJ-UHFFFAOYSA-N,dioxosilane,SiO2
24411,CuI,[Cu]I,InChI=1S/Cu.HI/h;1H/q+1;/p-1,LSXDOTMGLUJQCM-UHFFFAOYSA-M,iodocopper,CuI
26042,OV,O=[V],InChI=1S/O.V,IBYSTTGVDIFUAY-UHFFFAOYSA-N,oxovanadium,VO
26815,O2Ti,O=[Ti]=O,InChI=1S/2O.Ti,GWEVSGVZZGPLCZ-UHFFFAOYSA-N,dioxotitanium,TiO2
26874,Fe,[55Fe],InChI=1S/Fe/i1-1,XEEYBQQBJWHFJM-BJUDXGSMSA-N,iron-55,Fe
27099,Ce,[144Ce],InChI=1S/Ce/i1+4,GWXLDORMOJMVQZ-RNFDNDRNSA-N,cerium-144,Ce
27284,Cu+2,[Cu+2],InChI=1S/Cu/q+2,JPVYNHNXODAKFH-UHFFFAOYSA-N,copper(2+),Cu
27652,Fe+2,[Fe+2],InChI=1S/Fe/q+2,CWYNVVGOOAEACU-UHFFFAOYSA-N,iron(2+),Fe
27668,O3Sb2,O=[Sb]O[Sb]=O,InChI=1S/3O.2Sb,ADCOVFLJGNWWNZ-UHFFFAOYSA-N,oxo(oxostibanyloxy)stibane,Sb2O3
27854,Cr+3,[Cr+3],InChI=1S/Cr/q+3,BFGKITSFLPAWGI-UHFFFAOYSA-N,chromium(3+),Cr
29011,Mn+2,[Mn+2],InChI=1S/Mn/q+2,WAEMQWOKJMHJLA-UHFFFAOYSA-N,manganese(2+),Mn
29131,O2Sn,O=[Sn]=O,InChI=1S/2O.Sn,XOLBLPGZBRYERU-UHFFFAOYSA-N,dioxotin,SnO2
29320,Cr+6,[Cr+6],InChI=1S/Cr/q+6,JOPOVCBBYLSVDA-UHFFFAOYSA-N,chromium(6+),Cr
29936,MoO2,O=[Mo]=O,InChI=1S/Mo.2O,QXYJCZRRLLQGCR-UHFFFAOYSA-N,dioxomolybdenum,MoO2
30856,Fe+3,[Fe+3],InChI=1S/Fe/q+3,VTLYFUHAOXGGBS-UHFFFAOYSA-N,iron(3+),Fe
32051,HgO,O=[Hg],InChI=1S/Hg.O,UKWHYYKOEPRTIC-UHFFFAOYSA-N,oxomercury,HgO
34008,Zn+2,[Zn+2],InChI=1S/Zn/q+2,PTFCDOFLOPIGGS-UHFFFAOYSA-N,zinc(2+),Zn
61492,OV+2,O=[V+2],InChI=1S/O.V/q;+2,MHHDXUNFNAZUGB-UHFFFAOYSA-N,oxovanadium(2+),VO
61685,Co,[60Co],InChI=1S/Co/i1+1,GUTLYIVDDKVIGB-OUBTZVSYSA-N,cobalt-60,Co
62157,OTi,O=[Ti],InChI=1S/O.Ti,OGIDPMRJRNCKJF-UHFFFAOYSA-N,oxotitanium,TiO
62392,O5Ta2,[O-2].[O-2].[O-2].[O-2].[O-2].[Ta+5].[Ta+5],InChI=1S/5O.2Ta/q5*-2;2*+5,BPUBBGLMJRNUCC-UHFFFAOYSA-N,oxygen(2-);tantalum(5+),Ta2O5
62395,BaO,O=[Ba],InChI=1S/Ba.O,QVQLCTNNEUAWMS-UHFFFAOYSA-N,oxobarium,BaO
62762,O2Zr,O=[Zr]=O,InChI=1S/2O.Zr,MCMNRKCIXSYSNV-UHFFFAOYSA-N,dioxozirconium,ZrO2
66274,Cr+2,[Cr+2],InChI=1S/Cr/q+2,UZEDIBTVIIJELN-UHFFFAOYSA-N,chromium(2+),Cr
73963,Au,[198Au],InChI=1S/Au/i1+1,PCHJSUWPFVWCPO-OUBTZVSYSA-N,gold-198,Au
73971,CeO2,O=[Ce]=O,InChI=1S/Ce.2O,CETPSERCERDGAM-UHFFFAOYSA-N,dioxocerium,CeO2
73975,Na2O,[O-2].[Na+].[Na+],InChI=1S/2Na.O/q2*+1;-2,KKCBUQHMOMHUOY-UHFFFAOYSA-N,disodium;oxygen(2-),Na2O
82838,OSr,[O-2].[Sr+2],InChI=1S/O.Sr/q-2;+2,IATRAKWUXMZMIY-UHFFFAOYSA-N,strontium;oxygen(2-),SrO
82839,NbO,O=[Nb],InChI=1S/Nb.O,BFRGSJVXBIWTCF-UHFFFAOYSA-N,oxoniobium,NbO
82850,NbO2,O=[Nb]=O,InChI=1S/Nb.2O,HFLAMWCKUFHSAZ-UHFFFAOYSA-N,dioxoniobium,NbO2
84163,O2W,O=[W]=O,InChI=1S/2O.W,DZKDPOPGYFUOGI-UHFFFAOYSA-N,dioxotungsten,WO2
87129,OTi+2,O=[Ti+2],InChI=1S/O.Ti/q;+2,IXNPPKLOBLWSPQ-UHFFFAOYSA-N,oxotitanium(2+),TiO
90455,MoO2+2,O=[Mo+2]=O,InChI=1S/Mo.2O/q+2;;,GCMDLPXRCVHIMG-UHFFFAOYSA-N,dioxomolybdenum(2+),MoO2
91501,AlN,N#[Al],InChI=1S/Al.N,PIGFYZPCRLYGLF-UHFFFAOYSA-N,azanylidynealumane,AlN
91574,CdTe,[Cd]=[Te],InChI=1S/Cd.Te,RPPBZEBXAAZZJH-UHFFFAOYSA-N,tellanylidenecadmium,CdTe
92152,Zn,[65Zn],InChI=1S/Zn/i1+0,HCHKCACWOHOZIP-IGMARMGPSA-N,zinc-65,Zn
104727,AgO,O=[Ag],InChI=1S/Ag.O,OTCVAHKKMMUFAY-UHFFFAOYSA-N,oxosilver,AgO
104729,Al+3,[Al+3],InChI=1S/Al/q+3,REDXJYDRNCIFBQ-UHFFFAOYSA-N,aluminum(3+),Al
104730,Co+2,[Co+2],InChI=1S/Co/q+2,XLJKHNWPARRRJB-UHFFFAOYSA-N,cobalt(2+),Co
104743,Co,[Co],InChI=1S/Co,GUTLYIVDDKVIGB-UHFFFAOYSA-N,cobalt,Co
104755,Mn,[54Mn],InChI=1S/Mn/i1-1,PWHULOQIROXLJO-BJUDXGSMSA-N,manganese-54,Mn
104760,Ag+,[Ag+],InChI=1S/Ag/q+1,FOIXSVOLVBLSDH-UHFFFAOYSA-N,silver(1+),Ag
104784,Y,[90Y],InChI=1S/Y/i1+1,VWQVUPCCIRVNHF-OUBTZVSYSA-N,yttrium-90,Y
104786,Fe,[59Fe],InChI=1S/Fe/i1+3,XEEYBQQBJWHFJM-AKLPVKDBSA-N,iron-59,Fe
104798,Cr,[51Cr],InChI=1S/Cr/i1-1,VYZAMTAEIAYCRO-BJUDXGSMSA-N,chromium-51,Cr
104814,Sr+2,[Sr+2],InChI=1S/Sr/q+2,PWYYWQHXAPXYMF-UHFFFAOYSA-N,strontium(2+),Sr
104815,Ce,[141Ce],InChI=1S/Ce/i1+1,GWXLDORMOJMVQZ-OUBTZVSYSA-N,cerium-141,Ce
104828,Cu+,[Cu+],InChI=1S/Cu/q+1,VMQMZMRVKUZKQL-UHFFFAOYSA-N,copper(1+),Cu
104844,Ag,[110Ag],InChI=1S/Ag/i1+2,BQCADISMDOOEFD-NJFSPNSNSA-N,silver-110,Ag
104851,Co,[58Co],InChI=1S/Co/i1-1,GUTLYIVDDKVIGB-BJUDXGSMSA-N,cobalt-58,Co
104882,Co,[57Co],InChI=1S/Co/i1-2,GUTLYIVDDKVIGB-YPZZEJLDSA-N,cobalt-57,Co
104883,La,[140La],InChI=1S/La/i1+1,FZLIPJUXYLNCLC-OUBTZVSYSA-N,lanthanum-140,La
104897,Sn+2,[Sn+2],InChI=1S/Sn/q+2,IUTCEZPPWBHGIX-UHFFFAOYSA-N,tin(2+),Sn
104905,La+3,[La+3],InChI=1S/La/q+3,CZMAIROVPAYCMU-UHFFFAOYSA-N,lanthanum(3+),La
104921,Ni,[63Ni],InChI=1S/Ni/i1+4,PXHVJJICTQNCMI-RNFDNDRNSA-N,nickel-63,Ni
104964,Cr+5,[Cr+5],InChI=1S/Cr/q+5,RKCWRYBOSIJRNH-UHFFFAOYSA-N,chromium(5+),Cr
105093,Y,[91Y],InChI=1S/Y/i1+2,VWQVUPCCIRVNHF-NJFSPNSNSA-N,yttrium-91,Y
105130,Au+3,[Au+3],InChI=1S/Au/q+3,CBMIPXHVOVTTTL-UHFFFAOYSA-N,gold(3+),Au
105141,Mn+3,[Mn+3],InChI=1S/Mn/q+3,MMIPFLVOWGHZQD-UHFFFAOYSA-N,manganese(3+),Mn
105145,Cu,[64Cu],InChI=1S/Cu/i1+0,RYGMFSIKBFXOCR-IGMARMGPSA-N,copper-64,Cu
105146,Ga+3,[Ga+3],InChI=1S/Ga/q+3,CKHJYUSOUQDYEN-UHFFFAOYSA-N,gallium(3+),Ga
105157,Co+3,[Co+3],InChI=1S/Co/q+3,JAWGVVJVYSANRY-UHFFFAOYSA-N,cobalt(3+),Co
105160,Pr,[144Pr],InChI=1S/Pr/i1+3,PUDIUYLPXJFUGB-AKLPVKDBSA-N,praseodymium-144,Pr
105166,Pt+4,[Pt+4],InChI=1S/Pt/q+4,NDBYXKQCPYUOMI-UHFFFAOYSA-N,platinum(4+),Pt
105173,Pt+2,[Pt+2],InChI=1S/Pt/q+2,HRGDZIGMBDGFTC-UHFFFAOYSA-N,platinum(2+),Pt
107675,Y,[88Y],InChI=1S/Y/i1-1,VWQVUPCCIRVNHF-BJUDXGSMSA-N,yttrium-88,Y
114694,V+4,[V+4],InChI=1S/V/q+4,PSDQQCXQSWHCRN-UHFFFAOYSA-N,vanadium(4+),V
114848,Mn,[56Mn],InChI=1S/Mn/i1+1,PWHULOQIROXLJO-OUBTZVSYSA-N,manganese-56,Mn
114853,Nd,[147Nd],InChI=1S/Nd/i1+3,QEFYFXOXNSNQGX-AKLPVKDBSA-N,neodymium-147,Nd
114942,Ce+3,[Ce+3],InChI=1S/Ce/q+3,XQTIWNLDFPPCIU-UHFFFAOYSA-N,cerium(3+),Ce
114945,Ti+4,[Ti+4],InChI=1S/Ti/q+4,LCKIEQZJEYYRIY-UHFFFAOYSA-N,titanium(4+),Ti
115032,Au+,[Au+],InChI=1S/Au/q+1,ZBKIUFWVEIBQRT-UHFFFAOYSA-N,gold(1+),Au
115131,Ni,[59Ni],InChI=1S/Ni/i1+0,PXHVJJICTQNCMI-IGMARMGPSA-N,nickel-59,Ni
115291,Mn,[52Mn],InChI=1S/Mn/i1-3,PWHULOQIROXLJO-OIOBTWANSA-N,manganese-52,Mn
119438,Ni+3,[Ni+3],InChI=1S/Ni/q+3,JDRCAGKFDGHRNQ-UHFFFAOYSA-N,nickel(3+),Ni
119471,Ce+4,[Ce+4],InChI=1S/Ce/q+4,ITZXULOAYIAYNU-UHFFFAOYSA-N,cerium(4+),Ce
123111,Cr+6,[51Cr+6],InChI=1S/Cr/q+6/i1-1,JOPOVCBBYLSVDA-BJUDXGSMSA-N,chromium-51(6+),Cr
134661,O3Ti2,O=[Ti]O[Ti]=O,InChI=1S/3O.2Ti,GQUJEMVIKWQAEH-UHFFFAOYSA-N,oxo(oxotitaniooxy)titanium,Ti2O3
139258,O3Sc2,[O-2].[O-2].[O-2].[Sc+3].[Sc+3],InChI=1S/3O.2Sc/q3*-2;2*+3,HJGMWXTVGKLUAQ-UHFFFAOYSA-N,oxygen(2-);scandium(3+),Sc2O3
139271,O3W-2,[O-][W](=O)[O-],InChI=1S/3O.W/q;2*-1;,ZXOKVTWPEIAYAB-UHFFFAOYSA-N,dioxido(oxo)tungsten,WO3
150905,MoO3-2,[O-][Mo](=O)[O-],InChI=1S/Mo.3O/q;;2*-1,IEZOWMCAYRFYBI-UHFFFAOYSA-N,dioxido(oxo)molybdenum,MoO3
150906,In2O3,[O-2].[O-2].[O-2].[In+3].[In+3],InChI=1S/2In.3O/q2*+3;3*-2,PJXISJQVUVHSOJ-UHFFFAOYSA-N,indium(3+);oxygen(2-),In2O3
157925,La2O3,[O-2].[O-2].[O-2].[La+3].[La+3],InChI=1S/2La.3O/q2*+3;3*-2,MRELNEQAGSRDBK-UHFFFAOYSA-N,lanthanum(3+);oxygen(2-),La2O3
158605,Sr+2,[85Sr+2],InChI=1S/Sr/q+2/i1-3,PWYYWQHXAPXYMF-OIOBTWANSA-N,strontium-85(2+),Sr
159370,Ga2O3,[O-2].[O-2].[O-2].[Ga+3].[Ga+3],InChI=1S/2Ga.3O/q2*+3;3*-2,AJNVQOSZGJRYEI-UHFFFAOYSA-N,digallium;oxygen(2-),Ga2O3
159371,Dy2O3,[O-2].[O-2].[O-2].[Dy+3].[Dy+3],InChI=1S/2Dy.3O/q2*+3;3*-2,GEZAXHSNIQTPMM-UHFFFAOYSA-N,dysprosium(3+);oxygen(2-),Dy2O3
159373,Eu2O3,[O-2].[O-2].[O-2].[Eu+3].[Eu+3],InChI=1S/2Eu.3O/q2*+3;3*-2,AEBZCFFCDTZXHP-UHFFFAOYSA-N,europium(3+);oxygen(2-),Eu2O3
159374,Nd2O3,[O-2].[O-2].[O-2].[Nd+3].[Nd+3],InChI=1S/2Nd.3O/q2*+3;3*-2,PLDDOISOJJCEMH-UHFFFAOYSA-N,neodymium(3+);oxygen(2-),Nd2O3
159375,O3Y2,[O-2].[O-2].[O-2].[Y+3].[Y+3],InChI=1S/3O.2Y/q3*-2;2*+3,RUDFQVOCFDJEEF-UHFFFAOYSA-N,oxygen(2-);yttrium(3+),Y2O3
159385,O3Yb2,[O-2].[O-2].[O-2].[Yb+3].[Yb+3],InChI=1S/3O.2Yb/q3*-2;2*+3,UZLYXNNZYFBAQO-UHFFFAOYSA-N,oxygen(2-);ytterbium(3+),Yb2O3
159406,OPb,[O-2].[Pb+2],InChI=1S/O.Pb/q-2;+2,HTUMBQDCCIXGCV-UHFFFAOYSA-N,lead(2+);oxygen(2-),PbO
159410,Lu2O3,[O-2].[O-2].[O-2].[Lu+3].[Lu+3],InChI=1S/2Lu.3O/q2*+3;3*-2,UGBIHFMRUDAMBY-UHFFFAOYSA-N,lutetium(3+);oxygen(2-),Lu2O3
159422,O3Tb2,[O-2].[O-2].[O-2].[Tb+3].[Tb+3],InChI=1S/3O.2Tb/q3*-2;2*+3,SCRZPWWVSXWCMC-UHFFFAOYSA-N,oxygen(2-);terbium(3+),Tb2O3
159423,HfO2,[O-2].[O-2].[Hf+4],InChI=1S/Hf.2O/q+4;2*-2,WIHZLLGSGQNAGK-UHFFFAOYSA-N,hafnium(4+);oxygen(2-),HfO2
159425,Ho2O3,[O-2].[O-2].[O-2].[Ho+3].[Ho+3],InChI=1S/2Ho.3O/q2*+3;3*-2,OWCYYNSBGXMRQN-UHFFFAOYSA-N,holmium(3+);oxygen(2-),Ho2O3
159426,O3Sm2,[O-2].[O-2].[O-2].[Sm+3].[Sm+3],InChI=1S/3O.2Sm/q3*-2;2*+3,FKTOIHSPIPYAPE-UHFFFAOYSA-N,oxygen(2-);samarium(3+),Sm2O3
159427,Er2O3,[O-2].[O-2].[O-2].[Er+3].[Er+3],InChI=1S/2Er.3O/q2*+3;3*-2,ZXGIFJXRQHZCGJ-UHFFFAOYSA-N,erbium(3+);oxygen(2-),Er2O3
160959,Gd2O3,[O-2].[O-2].[O-2].[Gd+3].[Gd+3],InChI=1S/2Gd.3O/q2*+3;3*-2,CMIHHWBVHJVIGI-UHFFFAOYSA-N,gadolinium(3+);oxygen(2-),Gd2O3
160977,MnO,[O-2].[Mn+2],InChI=1S/Mn.O/q+2;-2,PPNAOCWZXJOHFK-UHFFFAOYSA-N,manganese(2+);oxygen(2-),MnO
161025,Bi2O3,[O-2].[O-2].[O-2].[Bi+3].[Bi+3],InChI=1S/2Bi.3O/q2*+3;3*-2,TYIXMATWDRGMPF-UHFFFAOYSA-N,dibismuth;oxygen(2-),Bi2O3
161049,Ce,[143Ce],InChI=1S/Ce/i1+3,GWXLDORMOJMVQZ-AKLPVKDBSA-N,cerium-143,Ce
161054,Gd,[153Gd],InChI=1S/Gd/i1-4,UIWYJDYFSGRHKR-AHCXROLUSA-N,gadolinium-153,Gd
161103,V,[48V],InChI=1S/V/i1-3,LEONUFNNVUYDNQ-OIOBTWANSA-N,vanadium-48,V
161142,Pr,[143Pr],InChI=1S/Pr/i1+2,PUDIUYLPXJFUGB-NJFSPNSNSA-N,praseodymium-143,Pr
161148,Pt,[191Pt],InChI=1S/Pt/i1-4,BASFCYQUMIYNBI-AHCXROLUSA-N,platinum-191,Pt
161153,Ag,[111Ag],InChI=1S/Ag/i1+3,BQCADISMDOOEFD-AKLPVKDBSA-N,silver-111,Ag
162372,Er,[169Er],InChI=1S/Er/i1+2,UYAHIZSMUZPPFV-NJFSPNSNSA-N,erbium-169,Er
162651,O3W-6,[O-2].[O-2].[O-2].[W],InChI=1S/3O.W/q3*-2;,UVXUOGLNBHCDPN-UHFFFAOYSA-N,oxygen(2-);tungsten,WO3
164827,O2Ti,[O-2].[O-2].[Ti+4],InChI=1S/2O.Ti/q2*-2;+4,SOQBVABWOPYFQZ-UHFFFAOYSA-N,oxygen(2-);titanium(4+),TiO2
165971,CuO,[O-2].[Cu+2],InChI=1S/Cu.O/q+2;-2,KKCXRELNMOYFLS-UHFFFAOYSA-N,copper;oxygen(2-),CuO
166630,CuO,[O-2].[Cu+2],InChI=1S/Cu.O/q+2;-2,KKCXRELNMOYFLS-UHFFFAOYSA-N,copper;oxygen(2-),CuO/ZnO
166955,Cr2O3,[O-2].[O-2].[O-2].[Cr+3].[Cr+3],InChI=1S/2Cr.3O/q2*+3;3*-2,UOUJSJZBMCDAEU-UHFFFAOYSA-N,chromium(3+);oxygen(2-),Cr2O3
166962,Li2O,[Li+].[Li+].[O-2],InChI=1S/2Li.O/q2*+1;-2,FUJCRWPEOMXPAD-UHFFFAOYSA-N,dilithium;oxygen(2-),Li2O
166964,Ce,[137Ce],InChI=1S/Ce/i1-3,GWXLDORMOJMVQZ-OIOBTWANSA-N,cerium-137,Ce
166966,Ni,[57Ni],InChI=1S/Ni/i1-2,PXHVJJICTQNCMI-YPZZEJLDSA-N,nickel-57,Ni
166967,Cu,[60Cu],InChI=1S/Cu/i1-4,RYGMFSIKBFXOCR-AHCXROLUSA-N,copper-60,Cu
166968,Au,[193Au],InChI=1S/Au/i1-4,PCHJSUWPFVWCPO-AHCXROLUSA-N,gold-193,Au
166969,Zn,[69Zn],InChI=1S/Zn/i1+4,HCHKCACWOHOZIP-RNFDNDRNSA-N,zinc-69,Zn
166988,Co,[55Co],InChI=1S/Co/i1-4,GUTLYIVDDKVIGB-AHCXROLUSA-N,cobalt-55,Co
166998,Ce,[139Ce],InChI=1S/Ce/i1-1,GWXLDORMOJMVQZ-BJUDXGSMSA-N,cerium-139,Ce
167024,Gd,[159Gd],InChI=1S/Gd/i1+2,UIWYJDYFSGRHKR-NJFSPNSNSA-N,gadolinium-159,Gd
167028,Co,[56Co],InChI=1S/Co/i1-3,GUTLYIVDDKVIGB-OIOBTWANSA-N,cobalt-56,Co
167085,Pr,[142Pr],InChI=1S/Pr/i1+1,PUDIUYLPXJFUGB-OUBTZVSYSA-N,praseodymium-142,Pr
167088,Pt,[195Pt],InChI=1S/Pt/i1+0,BASFCYQUMIYNBI-IGMARMGPSA-N,platinum-195,Pt
167092,Au,[199Au],InChI=1S/Au/i1+2,PCHJSUWPFVWCPO-NJFSPNSNSA-N,gold-199,Au
167161,Ag,[108Ag],InChI=1S/Ag/i1+0,BQCADISMDOOEFD-IGMARMGPSA-N,silver-108,Ag
167197,Ti,[45Ti],InChI=1S/Ti/i1-3,RTAQQCXQSZGOHL-OIOBTWANSA-N,titanium-45,Ti
167204,Fe,[57Fe],InChI=1S/Fe/i1+1,XEEYBQQBJWHFJM-OUBTZVSYSA-N,iron-57,Fe
167219,Zn,[71Zn],InChI=1S/Zn/i1+6,HCHKCACWOHOZIP-LZFNBGRKSA-N,zinc-71,Zn
167227,Ag,[105Ag],InChI=1S/Ag/i1-3,BQCADISMDOOEFD-OIOBTWANSA-N,silver-105,Ag
167231,Y,[93Y],InChI=1S/Y/i1+4,VWQVUPCCIRVNHF-RNFDNDRNSA-N,yttrium-93,Y
167343,Mn,[53Mn],InChI=1S/Mn/i1-2,PWHULOQIROXLJO-YPZZEJLDSA-N,manganese-53,Mn
167351,Ce,[134Ce],InChI=1S/Ce/i1-6,GWXLDORMOJMVQZ-VENIDDJXSA-N,cerium-134,Ce
167356,Pt,[199Pt],InChI=1S/Pt/i1+4,BASFCYQUMIYNBI-RNFDNDRNSA-N,platinum-199,Pt
167358,Pt,[193Pt],InChI=1S/Pt/i1-2,BASFCYQUMIYNBI-YPZZEJLDSA-N,platinum-193,Pt
167364,Zn,[72Zn],InChI=1S/Zn/i1+7,HCHKCACWOHOZIP-RKEGKUSMSA-N,zinc-72,Zn
167390,Ti,[44Ti],InChI=1S/Ti/i1-4,RTAQQCXQSZGOHL-AHCXROLUSA-N,titanium-44,Ti
167395,Y,[92Y],InChI=1S/Y/i1+3,VWQVUPCCIRVNHF-AKLPVKDBSA-N,yttrium-92,Y
167397,Au,[194Au],InChI=1S/Au/i1-3,PCHJSUWPFVWCPO-OIOBTWANSA-N,gold-194,Au
167399,Cu,[67Cu],InChI=1S/Cu/i1+3,RYGMFSIKBFXOCR-AKLPVKDBSA-N,copper-67,Cu
167414,Ce,[135Ce],InChI=1S/Ce/i1-5,GWXLDORMOJMVQZ-FTXFMUIASA-N,cerium-135,Ce
167417,Cr,[49Cr],InChI=1S/Cr/i1-3,VYZAMTAEIAYCRO-OIOBTWANSA-N,chromium-49,Cr
167418,Ag,[115Ag],InChI=1S/Ag/i1+7,BQCADISMDOOEFD-RKEGKUSMSA-N,silver-115,Ag
168049,Pr,[145Pr],InChI=1S/Pr/i1+4,PUDIUYLPXJFUGB-RNFDNDRNSA-N,praseodymium-145,Pr
168050,Pr,[147Pr],InChI=1S/Pr/i1+6,PUDIUYLPXJFUGB-LZFNBGRKSA-N,praseodymium-147,Pr
169394,Y+3,[Y+3],InChI=1S/Y/q+3,GRTBAGCGDOYUBE-UHFFFAOYSA-N,yttrium(3+),Y
176415,Gd+3,[Gd+3],InChI=1S/Gd/q+3,RJOJUSXNYCILHH-UHFFFAOYSA-N,gadolinium(3+),Gd
176416,Fe,[60Fe],InChI=1S/Fe/i1+4,XEEYBQQBJWHFJM-RNFDNDRNSA-N,iron-60,Fe
176987,Nd,[136Nd],InChI=1S/Nd/i1-8,QEFYFXOXNSNQGX-QQVBLGSISA-N,neodymium-136,Nd
177060,Pr,[136Pr],InChI=1S/Pr/i1-5,PUDIUYLPXJFUGB-FTXFMUIASA-N,praseodymium-136,Pr
177061,Nd,[139Nd],InChI=1S/Nd/i1-5,QEFYFXOXNSNQGX-FTXFMUIASA-N,neodymium-139,Nd
177109,Fe+3,[59Fe+3],InChI=1S/Fe/q+3/i1+3,VTLYFUHAOXGGBS-AKLPVKDBSA-N,iron-59(3+),Fe
177431,Zn+2,[65Zn+2],InChI=1S/Zn/q+2/i1+0,PTFCDOFLOPIGGS-IGMARMGPSA-N,zinc-65(2+),Zn
177438,Au,[200Au],InChI=1S/Au/i1+3,PCHJSUWPFVWCPO-AKLPVKDBSA-N,gold-200,Au
177439,Er,[171Er],InChI=1S/Er/i1+4,UYAHIZSMUZPPFV-RNFDNDRNSA-N,erbium-171,Er
177472,V,[49V],InChI=1S/V/i1-2,LEONUFNNVUYDNQ-YPZZEJLDSA-N,vanadium-49,V
177473,Mn,[51Mn],InChI=1S/Mn/i1-4,PWHULOQIROXLJO-AHCXROLUSA-N,manganese-51,Mn
177474,Y,[86Y],InChI=1S/Y/i1-3,VWQVUPCCIRVNHF-OIOBTWANSA-N,yttrium-86,Y
177476,Co,[62Co],InChI=1S/Co/i1+3,GUTLYIVDDKVIGB-AKLPVKDBSA-N,cobalt-62,Co
177477,Cr,[48Cr],InChI=1S/Cr/i1-4,VYZAMTAEIAYCRO-AHCXROLUSA-N,chromium-48,Cr
177478,Zn,[62Zn],InChI=1S/Zn/i1-3,HCHKCACWOHOZIP-OIOBTWANSA-N,zinc-62,Zn
177481,Zn,[63Zn],InChI=1S/Zn/i1-2,HCHKCACWOHOZIP-YPZZEJLDSA-N,zinc-63,Zn
177482,Ag,[102Ag],InChI=1S/Ag/i1-6,BQCADISMDOOEFD-VENIDDJXSA-N,silver-102,Ag
177483,Er,[168Er],InChI=1S/Er/i1+1,UYAHIZSMUZPPFV-OUBTZVSYSA-N,erbium-168,Er
177487,Ni,[65Ni],InChI=1S/Ni/i1+6,PXHVJJICTQNCMI-LZFNBGRKSA-N,nickel-65,Ni
177493,La,[137La],InChI=1S/La/i1-2,FZLIPJUXYLNCLC-YPZZEJLDSA-N,lanthanum-137,La
177494,Gd,[160Gd],InChI=1S/Gd/i1+3,UIWYJDYFSGRHKR-AKLPVKDBSA-N,gadolinium-160,Gd
177497,V,[47V],InChI=1S/V/i1-4,LEONUFNNVUYDNQ-AHCXROLUSA-N,vanadium-47,V
177513,Nd,[141Nd],InChI=1S/Nd/i1-3,QEFYFXOXNSNQGX-OIOBTWANSA-N,neodymium-141,Nd
177514,Er,[166Er],InChI=1S/Er/i1-1,UYAHIZSMUZPPFV-BJUDXGSMSA-N,erbium-166,Er
177516,Pt,[188Pt],InChI=1S/Pt/i1-7,BASFCYQUMIYNBI-NOHWODKXSA-N,platinum-188,Pt
177519,Ni,[61Ni],InChI=1S/Ni/i1+2,PXHVJJICTQNCMI-NJFSPNSNSA-N,nickel-61,Ni
177520,Ni,[56Ni],InChI=1S/Ni/i1-3,PXHVJJICTQNCMI-OIOBTWANSA-N,nickel-56,Ni
177522,Gd,[149Gd],InChI=1S/Gd/i1-8,UIWYJDYFSGRHKR-QQVBLGSISA-N,gadolinium-149,Gd
177523,Gd,[151Gd],InChI=1S/Gd/i1-6,UIWYJDYFSGRHKR-VENIDDJXSA-N,gadolinium-151,Gd
177526,Gd,[147Gd],InChI=1S/Gd/i1-10,UIWYJDYFSGRHKR-CBESVEIWSA-N,gadolinium-147,Gd
177527,Gd,[146Gd],InChI=1S/Gd/i1-11,UIWYJDYFSGRHKR-DSSHQIQSSA-N,gadolinium-146,Gd
177537,Er,[161Er],InChI=1S/Er/i1-6,UYAHIZSMUZPPFV-VENIDDJXSA-N,erbium-161,Er
177550,Ag,[103Ag],InChI=1S/Ag/i1-5,BQCADISMDOOEFD-FTXFMUIASA-N,silver-103,Ag
177558,Pt,[186Pt],InChI=1S/Pt/i1-9,BASFCYQUMIYNBI-DBXDQKISSA-N,platinum-186,Pt
177560,Pt,[189Pt],InChI=1S/Pt/i1-6,BASFCYQUMIYNBI-VENIDDJXSA-N,platinum-189,Pt
177563,La,[132La],InChI=1S/La/i1-7,FZLIPJUXYLNCLC-NOHWODKXSA-N,lanthanum-132,La
177568,Gd,[158Gd],InChI=1S/Gd/i1+1,UIWYJDYFSGRHKR-OUBTZVSYSA-N,gadolinium-158,Gd
177570,Ag,[104Ag],InChI=1S/Ag/i1-4,BQCADISMDOOEFD-AHCXROLUSA-N,silver-104,Ag
177598,Pr,[137Pr],InChI=1S/Pr/i1-4,PUDIUYLPXJFUGB-AHCXROLUSA-N,praseodymium-137,Pr
177601,Cu,[61Cu],InChI=1S/Cu/i1-3,RYGMFSIKBFXOCR-OIOBTWANSA-N,copper-61,Cu
177608,Nd,[146Nd],InChI=1S/Nd/i1+2,QEFYFXOXNSNQGX-NJFSPNSNSA-N,neodymium-146,Nd
177620,Y,[95Y],InChI=1S/Y/i1+6,VWQVUPCCIRVNHF-LZFNBGRKSA-N,yttrium-95,Y
177623,Pr,[138Pr],InChI=1S/Pr/i1-3,PUDIUYLPXJFUGB-OIOBTWANSA-N,praseodymium-138,Pr
177635,Nd,[151Nd],InChI=1S/Nd/i1+7,QEFYFXOXNSNQGX-RKEGKUSMSA-N,neodymium-151,Nd
177641,Nd,[138Nd],InChI=1S/Nd/i1-6,QEFYFXOXNSNQGX-VENIDDJXSA-N,neodymium-138,Nd
177650,Er,[170Er],InChI=1S/Er/i1+3,UYAHIZSMUZPPFV-AKLPVKDBSA-N,erbium-170,Er
177652,La,[131La],InChI=1S/La/i1-8,FZLIPJUXYLNCLC-QQVBLGSISA-N,lanthanum-131,La
177666,Cr+4,[Cr+4],InChI=1S/Cr/q+4,UUMMHAPECIIHJR-UHFFFAOYSA-N,chromium(4+),Cr
177682,Pt,[197Pt],InChI=1S/Pt/i1+2,BASFCYQUMIYNBI-NJFSPNSNSA-N,platinum-197,Pt
177686,Nd,[149Nd],InChI=1S/Nd/i1+5,QEFYFXOXNSNQGX-BKFZFHPZSA-N,neodymium-149,Nd
177687,Ni,[66Ni],InChI=1S/Ni/i1+7,PXHVJJICTQNCMI-RKEGKUSMSA-N,nickel-66,Ni
177688,La,[135La],InChI=1S/La/i1-4,FZLIPJUXYLNCLC-AHCXROLUSA-N,lanthanum-135,La
177689,La,[138La],InChI=1S/La/i1-1,FZLIPJUXYLNCLC-BJUDXGSMSA-N,lanthanum-138,La
177697,La,[141La],InChI=1S/La/i1+2,FZLIPJUXYLNCLC-NJFSPNSNSA-N,lanthanum-141,La
177711,La,[142La],InChI=1S/La/i1+3,FZLIPJUXYLNCLC-AKLPVKDBSA-N,lanthanum-142,La
177777,Er,[172Er],InChI=1S/Er/i1+5,UYAHIZSMUZPPFV-BKFZFHPZSA-N,erbium-172,Er
178157,Ti+2,[Ti+2],InChI=1S/Ti/q+2,MJOXZELXZLIYPI-UHFFFAOYSA-N,titanium(2+),Ti
178158,La,[143La],InChI=1S/La/i1+4,FZLIPJUXYLNCLC-RNFDNDRNSA-N,lanthanum-143,La
178160,Ni,[58Ni],InChI=1S/Ni/i1-1,PXHVJJICTQNCMI-BJUDXGSMSA-N,nickel-58,Ni
178178,Co,[61Co],InChI=1S/Co/i1+2,GUTLYIVDDKVIGB-NJFSPNSNSA-N,cobalt-61,Co
178185,Er,[165Er],InChI=1S/Er/i1-2,UYAHIZSMUZPPFV-YPZZEJLDSA-N,erbium-165,Er
178186,Y,[87Y],InChI=1S/Y/i1-2,VWQVUPCCIRVNHF-YPZZEJLDSA-N,yttrium-87,Y
178189,Au,[195Au],InChI=1S/Au/i1-2,PCHJSUWPFVWCPO-YPZZEJLDSA-N,gold-195,Au
178190,Ag,[112Ag],InChI=1S/Ag/i1+4,BQCADISMDOOEFD-RNFDNDRNSA-N,silver-112,Ag
179931,Ag,[106Ag],InChI=1S/Ag/i1-2,BQCADISMDOOEFD-YPZZEJLDSA-N,silver-106,Ag
180072,Ag,[109Ag],InChI=1S/Ag/i1+1,BQCADISMDOOEFD-OUBTZVSYSA-N,silver-109,Ag
181086,NiO,[O-2].[Ni+2],InChI=1S/Ni.O/q+2;-2,KVAWBJDCAFOHRG-UHFFFAOYSA-N,nickel(2+);oxygen(2-),NiO
181089,Sr+2,[90Sr+2],InChI=1S/Sr/q+2/i1+2,PWYYWQHXAPXYMF-NJFSPNSNSA-N,strontium-90(2+),Sr
181103,Pr,[139Pr],InChI=1S/Pr/i1-2,PUDIUYLPXJFUGB-YPZZEJLDSA-N,praseodymium-139,Pr
181324,Y,[94Y],InChI=1S/Y/i1+5,VWQVUPCCIRVNHF-BKFZFHPZSA-N,yttrium-94,Y
182512,Au,[201Au],InChI=1S/Au/i1+4,PCHJSUWPFVWCPO-RNFDNDRNSA-N,gold-201,Au
185123,Ag+,[110Ag+],InChI=1S/Ag/q+1/i1+2,FOIXSVOLVBLSDH-NJFSPNSNSA-N,silver-110(1+),Ag
185491,Co+2,[60Co+2],InChI=1S/Co/q+2/i1+1,XLJKHNWPARRRJB-OUBTZVSYSA-N,cobalt-60(2+),Co
185533,Fe+3,[55Fe+3],InChI=1S/Fe/q+3/i1-1,VTLYFUHAOXGGBS-BJUDXGSMSA-N,iron-55(3+),Fe
185697,Pr+3,[Pr+3],InChI=1S/Pr/q+3,WCWKKSOQLQEJTE-UHFFFAOYSA-N,praseodymium(3+),Pr
189930,Gd,[145Gd],InChI=1S/Gd/i1-12,UIWYJDYFSGRHKR-DFNMHJECSA-N,gadolinium-145,Gd
292779,Pt,[200Pt],InChI=1S/Pt/i1+5,BASFCYQUMIYNBI-BKFZFHPZSA-N,platinum-200,Pt
449809,Gd,[161Gd],InChI=1S/Gd/i1+4,UIWYJDYFSGRHKR-RNFDNDRNSA-N,gadolinium-161,Gd
450030,HfO2,O=[Hf]=O,InChI=1S/Hf.2O,CJNBYAVZURUTKZ-UHFFFAOYSA-N,dioxohafnium,HfO2
517277,FeO,[O-2].[Fe+2],InChI=1S/Fe.O/q+2;-2,VBMVTYDPPZVILR-UHFFFAOYSA-N,iron(2+);oxygen(2-),FeO
518696,FeO+,[O-2].[Fe+3],InChI=1S/Fe.O/q+3;-2,BNFATFJZMZWRKZ-UHFFFAOYSA-N,iron(3+);oxygen(2-),FeO
518709,Cr2O3,O=[Cr]O[Cr]=O,InChI=1S/2Cr.3O,QDOXWKRWXJOMAK-UHFFFAOYSA-N,oxo(oxochromiooxy)chromium,Cr2O3
518710,Fe2O3,O=[Fe]O[Fe]=O,InChI=1S/2Fe.3O,JEIPFZHSYJVQDO-UHFFFAOYSA-N,oxo(oxoferriooxy)iron,Fe2O3
518711,OSr,O=[Sr],InChI=1S/O.Sr,UFQXGXDIJMBKTC-UHFFFAOYSA-N,oxostrontium,SrO
518712,O3V2,O=[V]O[V]=O,InChI=1S/3O.2V,KFAFTZQGYMGWLU-UHFFFAOYSA-N,oxo(oxovanadiooxy)vanadium,V2O3
3007857,O3Y2,O=[Y]O[Y]=O,InChI=1S/3O.2Y,SIWVEOZUMHYXCS-UHFFFAOYSA-N,oxo(oxoyttriooxy)yttrium,Y2O3
3014001,O5Ta2,O=[Ta](=O)O[Ta](=O)=O,InChI=1S/5O.2Ta,PBCFLUZVCVVTBY-UHFFFAOYSA-N,dioxotantaliooxy(dioxo)tantalum,Ta2O5
3082060,OZn,[O-2].[Zn+2],InChI=1S/O.Zn/q-2;+2,RNWHGQJWIACOKP-UHFFFAOYSA-N,zinc;oxygen(2-),ZnO
3083408,CuI+,[Cu+2].[I-],InChI=1S/Cu.HI/h;1H/q+2;/p-1,VYRQKCZJRLRBKT-UHFFFAOYSA-M,copper;iodide,CuI
3280778,Ag,[107Ag],InChI=1S/Ag/i1-1,BQCADISMDOOEFD-BJUDXGSMSA-N,silver-107,Ag
3579754,Sr+2,[89Sr+2],InChI=1S/Sr/q+2/i1+1,PWYYWQHXAPXYMF-OUBTZVSYSA-N,strontium-89(2+),Sr
3779597,La2O3,O=[La]O[La]=O,InChI=1S/2La.3O,KTUFCUMIWABKDW-UHFFFAOYSA-N,oxo(oxolanthaniooxy)lanthanum,La2O3
3788361,O3Tl2,O=[Tl]O[Tl]=O,InChI=1S/3O.2Tl,QTQRFJQXXUPYDI-UHFFFAOYSA-N,oxo(oxothallanyloxy)thallane,Tl2O3
4077523,Er+3,[Er+3],InChI=1S/Er/q+3,JHFPQYFEJICGKC-UHFFFAOYSA-N,erbium(3+),Er
4082176,Nd+3,[Nd+3],InChI=1S/Nd/q+3,UYIXUPGBIXNDHN-UHFFFAOYSA-N,neodymium(3+),Nd
4082203,Sn+4,[Sn+4],InChI=1S/Sn/q+4,SYRHIZPPCHMRIT-UHFFFAOYSA-N,tin(4+),Sn
4089911,Dy2O3,O=[Dy]O[Dy]=O,InChI=1S/2Dy.3O,NLQFUUYNQFMIJW-UHFFFAOYSA-N,oxo(oxodysprosiooxy)dysprosium,Dy2O3
4124403,Si+4,[Si+4],InChI=1S/Si/q+4,RWMKKWXZFRMVPB-UHFFFAOYSA-N,silicon(4+),Si
4163537,O3Tb2,O=[Tb]O[Tb]=O,InChI=1S/3O.2Tb,GWYXTVGANSBRNB-UHFFFAOYSA-N,,Tb2O3
4196641,O3Yb2,O=[Yb]O[Yb]=O,InChI=1S/3O.2Yb,FIXNOXLJNSSSLJ-UHFFFAOYSA-N,oxo(oxoytterbiooxy)ytterbium,Yb2O3
4226345,Al2O4-2,[O-][Al]=O.[O-][Al]=O,InChI=1S/2Al.4O/q;;;;2*-1,RBHSDMJWWDJHTP-UHFFFAOYSA-N,oxido(oxo)alumane,Al2O4
4232365,Nd2O3,O=[Nd]O[Nd]=O,InChI=1S/2Nd.3O,HBPPDPSYLUIKHU-UHFFFAOYSA-N,oxo(oxoneodymiooxy)neodymium,Nd2O3
4233003,CTi,[C-]#[Ti+],InChI=1S/C.Ti/q-1;+1,YXIVWSJCLXKLJL-UHFFFAOYSA-N,methanidylidynetitanium(1+),TiC
4247557,Ho2O3,O=[Ho]O[Ho]=O,InChI=1S/2Ho.3O,JYTUFVYWTIKZGR-UHFFFAOYSA-N,oxo(oxoholmiooxy)holmium,Ho2O3
4323797,Eu2O3,O=[Eu]O[Eu]=O,InChI=1S/2Eu.3O,RSEIMSPAXMNYFJ-UHFFFAOYSA-N,oxo(oxoeuropiooxy)europium,Eu2O3
4349445,O3Sm2,O=[Sm]O[Sm]=O,InChI=1S/3O.2Sm,PRCWVHVINXAFRG-UHFFFAOYSA-N,oxo(oxosamariooxy)samarium,Sm2O3
4541709,Lu2O3,O=[Lu]O[Lu]=O,InChI=1S/2Lu.3O,MPARYNQUYZOBJM-UHFFFAOYSA-N,oxo(oxolutetiooxy)lutetium,Lu2O3
4558810,O3V2,O=[V]1=[V](=O)O1,InChI=1S/3O.2V,KFAFTZQGYMGWLU-UHFFFAOYSA-N,"1-oxa-2lambda5,3lambda5-divanadacycloprop-2-ene 2,3-dioxide",V2O3
4583683,CuI+,[Cu+]I,InChI=1S/Cu.HI/h;1H/q+2;/p-1,VYRQKCZJRLRBKT-UHFFFAOYSA-M,iodocopper(1+),CuI
5123419,Gd2O3,O=[Gd]O[Gd]=O,InChI=1S/2Gd.3O,RNYFGGMJZRTZKO-UHFFFAOYSA-N,oxo(oxogadoliniooxy)gadolinium,Gd2O3
5139834,O3Sc2,O=[Sc]O[Sc]=O,InChI=1S/3O.2Sc,HYXGAEYDKFCVMU-UHFFFAOYSA-N,oxo(oxoscandiooxy)scandium,Sc2O3
5150906,Er2O3,O=[Er]O[Er]=O,InChI=1S/2Er.3O,VQCBHWLJZDBHOS-UHFFFAOYSA-N,oxo(oxoerbiooxy)erbium,Er2O3
5153393,Ga2O3,O=[Ga]O[Ga]=O,InChI=1S/2Ga.3O,QZQVBEXLDFYHSR-UHFFFAOYSA-N,oxo(oxogallanyloxy)gallane,Ga2O3
5352426,In2O3,O=[In]O[In]=O,InChI=1S/2In.3O,SHTGRZNPWBITMM-UHFFFAOYSA-N,oxo(oxoindiganyloxy)indigane,In2O3
5359268,Ti+3,[Ti+3],InChI=1S/Ti/q+3,CMWCOKOTCLFJOP-UHFFFAOYSA-N,titanium(3+),Ti
5359327,Sn,[Sn],InChI=1S/Sn,ATJFFYVFTNAWJD-UHFFFAOYSA-N,tin,Sn
5360835,Al,[Al],InChI=1S/Al,XAGFODPZIPBFFR-UHFFFAOYSA-N,aluminum,Al
5388880,Sr,[Sr],InChI=1S/Sr,CIOAGBVUUVVLOB-UHFFFAOYSA-N,strontium,Sr
5460753,Ga,[Ga],InChI=1S/Ga,GYHNNYVSQQEPJS-UHFFFAOYSA-N,gallium,Ga
5461123,Sr,[89Sr],InChI=1S/Sr/i1+1,CIOAGBVUUVVLOB-OUBTZVSYSA-N,strontium-89,Sr
5464084,V+2,[V+2],InChI=1S/V/q+2,BLSRSXLJVJVBIK-UHFFFAOYSA-N,vanadium(2+),V
5464271,Si,[Si],InChI=1S/Si,XUIMIQQOPSSXEZ-UHFFFAOYSA-N,silicon,Si
5486204,Ga,[67Ga],InChI=1S/Ga/i1-3,GYHNNYVSQQEPJS-OIOBTWANSA-N,gallium-67,Ga
5488452,Sr,[85Sr],InChI=1S/Sr/i1-3,CIOAGBVUUVVLOB-OIOBTWANSA-N,strontium-85,Sr
6326954,Sr,[90Sr],InChI=1S/Sr/i1+2,CIOAGBVUUVVLOB-NJFSPNSNSA-N,strontium-90,Sr
6327639,Ga,[68Ga],InChI=1S/Ga/i1-2,GYHNNYVSQQEPJS-YPZZEJLDSA-N,gallium-68,Ga
6335514,Ge,[Ge],InChI=1S/Ge,GNPVGFCGXDBREM-UHFFFAOYSA-N,germanium,Ge
6335517,GeO,O=[Ge],InChI=1S/GeO/c1-2,PVADDRMAFCOOPC-UHFFFAOYSA-N,oxogermanium,GeO
6335835,Sn,[113Sn],InChI=1S/Sn/i1-6,ATJFFYVFTNAWJD-VENIDDJXSA-N,tin-113,Sn
6335837,Sr,[87Sr],InChI=1S/Sr/i1-1,CIOAGBVUUVVLOB-BJUDXGSMSA-N,strontium-87,Sr
6335897,Sr,[86Sr],InChI=1S/Sr/i1-2,CIOAGBVUUVVLOB-YPZZEJLDSA-N,strontium-86,Sr
6335914,Al,[26Al],InChI=1S/Al/i1-1,XAGFODPZIPBFFR-BJUDXGSMSA-N,aluminum-26,Al
6336609,Si,[32Si],InChI=1S/Si/i1+4,XUIMIQQOPSSXEZ-RNFDNDRNSA-N,silicon-32,Si
6336618,Sn,[126Sn],InChI=1S/Sn/i1+7,ATJFFYVFTNAWJD-RKEGKUSMSA-N,tin-126,Sn
6336985,Ga,[72Ga],InChI=1S/Ga/i1+2,GYHNNYVSQQEPJS-NJFSPNSNSA-N,gallium-72,Ga
6336987,Sn,[125Sn],InChI=1S/Sn/i1+6,ATJFFYVFTNAWJD-LZFNBGRKSA-N,tin-125,Sn
6337030,MoSi2,[Si]=[Mo]=[Si],InChI=1S/Mo.2Si,YXTPWUNVHCYOSP-UHFFFAOYSA-N,,MoSi2
6337043,Si-,[Si-],InChI=1S/Si/q-1,HJELPJZFDFLHEY-UHFFFAOYSA-N,silicon(1-),Si
6337045,Sn,[117Sn],InChI=1S/Sn/i1-2,ATJFFYVFTNAWJD-YPZZEJLDSA-N,tin-117,Sn
6337047,Sr,[91Sr],InChI=1S/Sr/i1+3,CIOAGBVUUVVLOB-AKLPVKDBSA-N,strontium-91,Sr
6337049,Ge,[71Ge],InChI=1S/Ge/i1-2,GNPVGFCGXDBREM-YPZZEJLDSA-N,germanium-71,Ge
6337050,Ga,[69Ga],InChI=1S/Ga/i1-1,GYHNNYVSQQEPJS-BJUDXGSMSA-N,gallium-69,Ga
6337052,Sn,[121Sn],InChI=1S/Sn/i1+2,ATJFFYVFTNAWJD-NJFSPNSNSA-N,tin-121,Sn
6337053,Sn,[123Sn],InChI=1S/Sn/i1+4,ATJFFYVFTNAWJD-RNFDNDRNSA-N,tin-123,Sn
6337059,Ge,[75Ge],InChI=1S/Ge/i1+2,GNPVGFCGXDBREM-NJFSPNSNSA-N,germanium-75,Ge
6337062,Ge,[77Ge],InChI=1S/Ge/i1+4,GNPVGFCGXDBREM-RNFDNDRNSA-N,germanium-77,Ge
6337083,Sr,[82Sr],InChI=1S/Sr/i1-6,CIOAGBVUUVVLOB-VENIDDJXSA-N,strontium-82,Sr
6337084,Sr,[92Sr],InChI=1S/Sr/i1+4,CIOAGBVUUVVLOB-RNFDNDRNSA-N,strontium-92,Sr
6337085,Ge,[67Ge],InChI=1S/Ge/i1-6,GNPVGFCGXDBREM-VENIDDJXSA-N,germanium-67,Ge
6337086,Ge,[68Ge],InChI=1S/Ge/i1-5,GNPVGFCGXDBREM-FTXFMUIASA-N,germanium-68,Ge
6337546,Ge,[78Ge],InChI=1S/Ge/i1+5,GNPVGFCGXDBREM-BKFZFHPZSA-N,germanium-78,Ge
6337556,Ge,[66Ge],InChI=1S/Ge/i1-7,GNPVGFCGXDBREM-NOHWODKXSA-N,germanium-66,Ge
6337557,Ga,[70Ga],InChI=1S/Ga/i1+0,GYHNNYVSQQEPJS-IGMARMGPSA-N,gallium-70,Ga
6337560,Sr,[81Sr],InChI=1S/Sr/i1-7,CIOAGBVUUVVLOB-NOHWODKXSA-N,strontium-81,Sr
6337561,Sr,[83Sr],InChI=1S/Sr/i1-5,CIOAGBVUUVVLOB-FTXFMUIASA-N,strontium-83,Sr
6337564,Al,[29Al],InChI=1S/Al/i1+2,XAGFODPZIPBFFR-NJFSPNSNSA-N,aluminum-29,Al
6337566,Sn,[118Sn],InChI=1S/Sn/i1-1,ATJFFYVFTNAWJD-BJUDXGSMSA-N,tin-118,Sn
6337567,Sn,[114Sn],InChI=1S/Sn/i1-5,ATJFFYVFTNAWJD-FTXFMUIASA-N,tin-114,Sn
6337568,Ge,[69Ge],InChI=1S/Ge/i1-4,GNPVGFCGXDBREM-AHCXROLUSA-N,germanium-69,Ge
6337569,Ga,[73Ga],InChI=1S/Ga/i1+3,GYHNNYVSQQEPJS-AKLPVKDBSA-N,gallium-73,Ga
6337575,Ge,[73Ge],InChI=1S/Ge/i1+0,GNPVGFCGXDBREM-IGMARMGPSA-N,germanium-73,Ge
6337579,Ge,[74Ge],InChI=1S/Ge/i1+1,GNPVGFCGXDBREM-OUBTZVSYSA-N,germanium-74,Ge
6337582,Sn,[112Sn],InChI=1S/Sn/i1-7,ATJFFYVFTNAWJD-NOHWODKXSA-N,tin-112,Sn
6337587,Sn,[127Sn],InChI=1S/Sn/i1+8,ATJFFYVFTNAWJD-CONNIKPHSA-N,tin-127,Sn
6337596,Sr,[80Sr],InChI=1S/Sr/i1-8,CIOAGBVUUVVLOB-QQVBLGSISA-N,strontium-80,Sr
6337602,Sn,[111Sn],InChI=1S/Sn/i1-8,ATJFFYVFTNAWJD-QQVBLGSISA-N,tin-111,Sn
6337616,Sn,[128Sn],InChI=1S/Sn/i1+9,ATJFFYVFTNAWJD-KUYOKYOWSA-N,tin-128,Sn
6337617,Ga,[65Ga],InChI=1S/Ga/i1-5,GYHNNYVSQQEPJS-FTXFMUIASA-N,gallium-65,Ga
6337619,Ga,[66Ga],InChI=1S/Ga/i1-4,GYHNNYVSQQEPJS-AHCXROLUSA-N,gallium-66,Ga
6337622,Sr,[88Sr],InChI=1S/Sr/i1+0,CIOAGBVUUVVLOB-IGMARMGPSA-N,strontium-88,Sr
6337663,Si,[31Si],InChI=1S/Si/i1+3,XUIMIQQOPSSXEZ-AKLPVKDBSA-N,silicon-31,Si
6398947,Sn,[119Sn],InChI=1S/Sn/i1+0,ATJFFYVFTNAWJD-IGMARMGPSA-N,tin-119,Sn
6432046,Sn,[110Sn],InChI=1S/Sn/i1-9,ATJFFYVFTNAWJD-DBXDQKISSA-N,tin-110,Sn
6432052,Cu,[62Cu],InChI=1S/Cu/i1-2,RYGMFSIKBFXOCR-YPZZEJLDSA-N,copper-62,Cu
6432705,Co3O4,[O-2].[O-2].[O-2].[O-2].[Co+2].[Co+3].[Co+3],InChI=1S/3Co.4O/q+2;2*+3;4*-2,UBEWDCMIDFGDOO-UHFFFAOYSA-N,cobalt(2+);cobalt(3+);oxygen(2-),Co3O4
6452219,Fe3O4,[O-2].[O-2].[O-2].[O-2].[Fe+2].[Fe+3].[Fe+3],InChI=1S/3Fe.4O/q+2;2*+3;4*-2,WTFXARWRTYJXII-UHFFFAOYSA-N,iron(2+);iron(3+);oxygen(2-),Fe3O4
6452892,CuI,[Cu+].[I-],InChI=1S/Cu.HI/h;1H/q+1;/p-1,LSXDOTMGLUJQCM-UHFFFAOYSA-M,copper(1+);iodide,CuI
6850728,Ce2O3,[O-2].[O-2].[O-2].[144Ce+3].[144Ce+3],InChI=1S/2Ce.3O/q2*+3;3*-2/i2*1+4;;;,DRVWBEJJZZTIGJ-YXDQCWDESA-N,cerium-144(3+);oxygen(2-),Ce2O3
6850729,O2Zr,[O-2].[O-2].[Zr+4],InChI=1S/2O.Zr/q2*-2;+4,RVTZCBVAJQQJTK-UHFFFAOYSA-N,oxygen(2-);zirconium(4+),ZrO2
9793748,CaO,[O-2].[Ca+2],InChI=1S/Ca.O/q+2;-2,BRPQOXSCLDDYGP-UHFFFAOYSA-N,calcium;oxygen(2-),CaO
9793819,MgO,[O-2].[Mg+2],InChI=1S/Mg.O/q+2;-2,AXZKOIWUVFPNLO-UHFFFAOYSA-N,magnesium;oxygen(2-),MgO
9794626,Zn,[64Zn],InChI=1S/Zn/i1-1,HCHKCACWOHOZIP-BJUDXGSMSA-N,zinc-64,Zn
9795570,CdS,[S-2].[Cd+2],InChI=1S/Cd.S/q+2;-2,FRLJSGOEGLARCA-UHFFFAOYSA-N,cadmium(2+);sulfide,CdS
9804116,Ag2O,[O-2].[Ag+].[Ag+],InChI=1S/2Ag.O/q2*+1;-2,NDVLTYZPCACLMA-UHFFFAOYSA-N,disilver;oxygen(2-),Ag2O
9812803,In2O3,[O-2].[O-2].[O-2].[114In+3].[114In+3],InChI=1S/2In.3O/q2*+3;3*-2/i2*1-1;;;,PJXISJQVUVHSOJ-LROUUEMQSA-N,indium-114(3+);oxygen(2-),In2O3
9812933,O3Tl2,[O-2].[O-2].[O-2].[Tl+3].[Tl+3],InChI=1S/3O.2Tl/q3*-2;2*+3,LPHBARMWKLYWRA-UHFFFAOYSA-N,oxygen(2-);thallium(3+),Tl2O3
9837314,MoO3-6,[O-2].[O-2].[O-2].[Mo],InChI=1S/Mo.3O/q;3*-2,QFKNYPIKMYQPIA-UHFFFAOYSA-N,molybdenum;oxygen(2-),MoO3
9855530,O5V2-10,[O-2].[O-2].[O-2].[O-2].[O-2].[V].[V],InChI=1S/5O.2V/q5*-2;;,JCEQNVNLPMDKLO-UHFFFAOYSA-N,oxygen(2-);vanadium,V2O5
9865226,HgO,[O-2].[Hg+2],InChI=1S/Hg.O/q+2;-2,QYZBCWXZSYTIOY-UHFFFAOYSA-N,mercury(2+);oxygen(2-),HgO
9877336,BaO,[O-2].[Ba+2],InChI=1S/Ba.O/q+2;-2,CSSYLTMKCUORDA-UHFFFAOYSA-N,barium(2+);oxygen(2-),BaO
9877337,CrO2-,[O-][Cr]=O,InChI=1S/Cr.2O/q;;-1,YMLMIOFMXDEKQR-UHFFFAOYSA-N,oxido(oxo)chromium,CrO2
9877985,Y+3,[89Y+3],InChI=1S/Y/q+3/i1+0,GRTBAGCGDOYUBE-IGMARMGPSA-N,yttrium-89(3+),Y
9898792,Y,[89Y],InChI=1S/Y/i1+0,VWQVUPCCIRVNHF-IGMARMGPSA-N,yttrium-89,Y
9898866,Ag2O-,[O-2].[Ag].[Ag+],InChI=1S/2Ag.O/q;+1;-2,PBPRSKBSVHRPKB-UHFFFAOYSA-N,silver;oxygen(2-);silver,Ag2O
9903865,Si,[29Si],InChI=1S/Si/i1+1,XUIMIQQOPSSXEZ-OUBTZVSYSA-N,silicon-29,Si
9905286,Gd,[148Gd],InChI=1S/Gd/i1-9,UIWYJDYFSGRHKR-DBXDQKISSA-N,gadolinium-148,Gd
9905479,Cs2O,[O-2].[Cs+].[Cs+],InChI=1S/2Cs.O/q2*+1;-2,KOPBYBDAPCDYFK-UHFFFAOYSA-N,dicesium;oxygen(2-),Cs2O
9942118,O5Sb2-10,[O-2].[O-2].[O-2].[O-2].[O-2].[Sb].[Sb],InChI=1S/5O.2Sb/q5*-2;;,IZSBXJABEDRAAQ-UHFFFAOYSA-N,,Sb2O5
9942173,Ce2O3,[O-2].[O-2].[O-2].[Ce+3].[Ce+3],InChI=1S/2Ce.3O/q2*+3;3*-2,DRVWBEJJZZTIGJ-UHFFFAOYSA-N,cerium(3+);oxygen(2-),Ce2O3
9964062,CoO,[O-2].[Co+2],InChI=1S/Co.O/q+2;-2,IUYLTEAJCNAMJK-UHFFFAOYSA-N,cobalt(2+);oxygen(2-),CoO
9989219,Cu2O-,[O-2].[Cu].[Cu+],InChI=1S/2Cu.O/q;+1;-2,YNGHDEIMFJNYCG-UHFFFAOYSA-N,copper;copper(1+);oxygen(2-),Cu2O
9989226,OV,[O-2].[V+2],InChI=1S/O.V/q-2;+2,UQCOXNBRZHICQC-UHFFFAOYSA-N,oxygen(2-);vanadium(2+),VO
10129883,K2O,[O-2].[K+].[K+],InChI=1S/2K.O/q2*+1;-2,CHWRSCGUEQEHOH-UHFFFAOYSA-N,dipotassium;oxygen(2-),K2O
10129884,Al2O3,[O-2].[O-2].[O-2].[Al+3].[Al+3],InChI=1S/2Al.3O/q2*+3;3*-2,PNEYBMLMFCGWSK-UHFFFAOYSA-N,dialuminum;oxygen(2-),Al2O3
10129886,Cr+3,[50Cr+3],InChI=1S/Cr/q+3/i1-2,BFGKITSFLPAWGI-YPZZEJLDSA-N,chromium-50(3+),Cr
10130059,Cr,[50Cr],InChI=1S/Cr/i1-2,VYZAMTAEIAYCRO-YPZZEJLDSA-N,chromium-50,Cr
10153986,Ti,[52Ti],InChI=1S/Ti/i1+4,RTAQQCXQSZGOHL-RNFDNDRNSA-N,titanium-52,Ti
10154053,Gd+3,[153Gd+3],InChI=1S/Gd/q+3/i1-4,RJOJUSXNYCILHH-AHCXROLUSA-N,gadolinium-153(3+),Gd
10154132,OV-2,[O-2].[V],InChI=1S/O.V/q-2;,NRBXRNUZNGCBGA-UHFFFAOYSA-N,oxygen(2-);vanadium,VO
10154139,NbO2-4,[O-2].[O-2].[Nb],InChI=1S/Nb.2O/q;2*-2,RZARWVQOJUBMPT-UHFFFAOYSA-N,niobium;oxygen(2-),NbO2
10154174,O3V2-6,[O-2].[O-2].[O-2].[V].[V],InChI=1S/3O.2V/q3*-2;;,IUOKNSQCSCQBIL-UHFFFAOYSA-N,oxygen(2-);vanadium,V2O3
10154361,MoSi2,[Si].[Si].[Mo],InChI=1S/Mo.2Si,YXTPWUNVHCYOSP-UHFFFAOYSA-N,,MoSi2
10176111,Mn2O3,[O-2].[O-2].[O-2].[Mn+3].[Mn+3],InChI=1S/2Mn.3O/q2*+3;3*-2,TYTHZVVGVFAQHF-UHFFFAOYSA-N,manganese(3+);oxygen(2-),Mn2O3
10197609,ORb2,[O-2].[Rb+].[Rb+],InChI=1S/O.2Rb/q-2;2*+1,YIONJVUULJNSMK-UHFFFAOYSA-N,oxygen(2-);rubidium(1+),Rb2O
10197617,NbO,[O-2].[Nb+2],InChI=1S/Nb.O/q+2;-2,JGCGXJDWQQCNFF-UHFFFAOYSA-N,niobium(2+);oxygen(2-),NbO
10197621,Fe,[52Fe],InChI=1S/Fe/i1-4,XEEYBQQBJWHFJM-AHCXROLUSA-N,iron-52,Fe
10197624,Sr+2,[82Sr+2],InChI=1S/Sr/q+2/i1-6,PWYYWQHXAPXYMF-VENIDDJXSA-N,strontium-82(2+),Sr
10197685,MnO2-4,[O-2].[O-2].[Mn],InChI=1S/Mn.2O/q;2*-2,WBJBOSCGOGORLE-UHFFFAOYSA-N,manganese;oxygen(2-),MnO2
10197694,GeO-2,[O-2].[Ge],InChI=1S/Ge.O/q;-2,FUZYROLHWXFERA-UHFFFAOYSA-N,germanium;oxygen(2-),GeO
10197697,Mn2O-2,[O-2].[Mn].[Mn],InChI=1S/2Mn.O/q;;-2,SYLBJVNTNLYMFW-UHFFFAOYSA-N,manganese;oxygen(2-),Mn2O
10197771,MoO2,[O-2].[O-2].[Mo+4],InChI=1S/Mo.2O/q+4;2*-2,BBJKRZVRZOABAW-UHFFFAOYSA-N,molybdenum(4+);oxygen(2-),MoO2
10198284,CdO,[O-2].[Cd+2],InChI=1S/Cd.O/q+2;-2,CFEAAQFZALKQPA-UHFFFAOYSA-N,cadmium(2+);oxygen(2-),CdO
10198636,Pr,[149Pr],InChI=1S/Pr/i1+8,PUDIUYLPXJFUGB-CONNIKPHSA-N,praseodymium-149,Pr
10219357,O2W-4,[O-2].[O-2].[W],InChI=1S/2O.W/q2*-2;,YUNJMEPFRFZVNY-UHFFFAOYSA-N,oxygen(2-);tungsten,WO2
10219361,O2Pb-4,[O-2].[O-2].[Pb],InChI=1S/2O.Pb/q2*-2;,DKHWXLMEOHGPEX-UHFFFAOYSA-N,,PbO2
10219362,BeO,[Be+2].[O-2],InChI=1S/Be.O/q+2;-2,QRPNDIYNTUICCP-UHFFFAOYSA-N,beryllium;oxygen(2-),BeO
10219390,Cr+6,[53Cr+6],InChI=1S/Cr/q+6/i1+1,JOPOVCBBYLSVDA-OUBTZVSYSA-N,chromium-53(6+),Cr
10219555,Cr,[53Cr],InChI=1S/Cr/i1+1,VYZAMTAEIAYCRO-OUBTZVSYSA-N,chromium-53,Cr
10219563,CrO3,[O-2].[O-2].[O-2].[Cr+6],InChI=1S/Cr.3O/q+6;3*-2,GAMDZJFZMJECOS-UHFFFAOYSA-N,chromium(6+);oxygen(2-),CrO3
10219615,Gd,[155Gd],InChI=1S/Gd/i1-2,UIWYJDYFSGRHKR-YPZZEJLDSA-N,gadolinium-155,Gd
10290731,Gd,[157Gd],InChI=1S/Gd/i1+0,UIWYJDYFSGRHKR-IGMARMGPSA-N,gadolinium-157,Gd
10290765,CeO2,[O-2].[O-2].[Ce+4],InChI=1S/Ce.2O/q+4;2*-2,OFJATJUUUCAKMK-UHFFFAOYSA-N,cerium(4+);oxygen(2-),CeO2
10290852,OTi,[O-2].[Ti+2],InChI=1S/O.Ti/q-2;+2,VKRWBTVMYISSEF-UHFFFAOYSA-N,oxygen(2-);titanium(2+),TiO
10313045,Ag,[113Ag],InChI=1S/Ag/i1+5,BQCADISMDOOEFD-BKFZFHPZSA-N,silver-113,Ag
10313051,O3Ti2,[O-2].[O-2].[O-2].[Ti+3].[Ti+3],InChI=1S/3O.2Ti/q3*-2;2*+3,VYBRUENHYKZFJW-UHFFFAOYSA-N,oxygen(2-);titanium(3+),Ti2O3
10313093,Fe,[56Fe],InChI=1S/Fe/i1+0,XEEYBQQBJWHFJM-IGMARMGPSA-N,iron-56,Fe
10313132,Cu,[68Cu],InChI=1S/Cu/i1+4,RYGMFSIKBFXOCR-RNFDNDRNSA-N,copper-68,Cu
10313135,GeO2-4,[O-2].[O-2].[Ge],InChI=1S/Ge.2O/q;2*-2,MMAXYLMPSIBOBW-UHFFFAOYSA-N,,GeO2
10313194,AgO-2,[O-2].[Ag],InChI=1S/Ag.O/q;-2,VFUDFLAHWQWXLU-UHFFFAOYSA-N,oxygen(2-);silver,AgO
10313272,Mn2O,[O-2].[Mn].[Mn+2],InChI=1S/2Mn.O/q;+2;-2,YAGCGUVKOCVNNN-UHFFFAOYSA-N,manganese;manganese(2+);oxygen(2-),Mn2O
10329240,Cu2O,[O-2].[Cu+].[Cu+],InChI=1S/2Cu.O/q2*+1;-2,KRFJLUBVMFXRPN-UHFFFAOYSA-N,copper(1+);oxygen(2-),Cu2O
10855842,Ni2O3,[O-2].[O-2].[O-2].[Ni+3].[Ni+3],InChI=1S/2Ni.3O/q2*+3;3*-2,GNMQOUGYKPVJRR-UHFFFAOYSA-N,nickel(3+);oxygen(2-),Ni2O3
11099499,Mn,[57Mn],InChI=1S/Mn/i1+2,PWHULOQIROXLJO-NJFSPNSNSA-N,manganese-57,Mn
11147669,Ni2O3,O=[Ni]O[Ni]=O,InChI=1S/2Ni.3O,PZFKDUMHDHEBLD-UHFFFAOYSA-N,oxo(oxonickeliooxy)nickel,Ni2O3
11171109,Ce2O3,O=[Ce]O[Ce]=O,InChI=1S/2Ce.3O,BMMGVYCKOGBVEV-UHFFFAOYSA-N,oxo(oxoceriooxy)cerium,Ce2O3
11240419,Ga+3,[66Ga+3],InChI=1S/Ga/q+3/i1-4,CKHJYUSOUQDYEN-AHCXROLUSA-N,gallium-66(3+),Ga
11309469,Gd,[156Gd],InChI=1S/Gd/i1-1,UIWYJDYFSGRHKR-BJUDXGSMSA-N,gadolinium-156,Gd
11400878,Ga+3,[67Ga+3],InChI=1S/Ga/q+3/i1-3,CKHJYUSOUQDYEN-OIOBTWANSA-N,gallium-67(3+),Ga
11457651,Ni,[53Ni],InChI=1S/Ni/i1-6,PXHVJJICTQNCMI-VENIDDJXSA-N,nickel-53,Ni
11521065,Gd,[154Gd],InChI=1S/Gd/i1-3,UIWYJDYFSGRHKR-OIOBTWANSA-N,gadolinium-154,Gd
11528329,Ga+3,[68Ga+3],InChI=1S/Ga/q+3/i1-2,CKHJYUSOUQDYEN-YPZZEJLDSA-N,gallium-68(3+),Ga
11542767,O2Si,[18O]=[Si]=[18O],"InChI=1S/O2Si/c1-3-2/i1+2,2+2",VYPSYNLAJGMNEJ-XPULMUKRSA-N,bis(18O)(oxidanylidene)silane,SiO2
11579113,Co,[59Co],InChI=1S/Co/i1+0,GUTLYIVDDKVIGB-IGMARMGPSA-N,cobalt-59,Co
11579114,Al,[27Al],InChI=1S/Al/i1+0,XAGFODPZIPBFFR-IGMARMGPSA-N,aluminum-27,Al
11600727,Cr,[54Cr],InChI=1S/Cr/i1+2,VYZAMTAEIAYCRO-NJFSPNSNSA-N,chromium-54,Cr
11651651,FeO,[18O-2].[Fe+2],InChI=1S/Fe.O/q+2;-2/i;1+2,VBMVTYDPPZVILR-NLQOEHMXSA-N,iron(2+);oxygen-18(2-),FeO
11665392,Fe2O3,[18O-2].[18O-2].[18O-2].[Fe+3].[Fe+3],InChI=1S/2Fe.3O/q2*+3;3*-2/i;;3*1+2,LIKBJVNGSGBSGK-GXHKVCSBSA-N,iron(3+);oxygen-18(2-),Fe2O3
11665394,Co3O4,O=[Co].O=[Co]O[Co]=O,InChI=1S/3Co.4O,LBFUKZWYPLNNJC-UHFFFAOYSA-N,oxocobalt;oxo(oxocobaltiooxy)cobalt,Co3O4
11708046,Mn+2,[52Mn+2],InChI=1S/Mn/q+2/i1-3,WAEMQWOKJMHJLA-OIOBTWANSA-N,manganese-52(2+),Mn
11717754,Ga,[64Ga],InChI=1S/Ga/i1-6,GYHNNYVSQQEPJS-VENIDDJXSA-N,gallium-64,Ga
11717838,CrO2+2,[O-2].[O-2].[Cr+6],InChI=1S/Cr.2O/q+6;2*-2,YWCVEOMUJQJOJW-UHFFFAOYSA-N,chromium(6+);oxygen(2-),CrO2
11963629,Dy2O3,[O-2].[O-2].[O-2].[164Dy+3].[164Dy+3],InChI=1S/2Dy.3O/q2*+3;3*-2/i2*1+1;;;,GEZAXHSNIQTPMM-ZWSKWMMYSA-N,dysprosium-164(3+);oxygen(2-),Dy2O3
11963693,Ho2O3,[O-2].[O-2].[O-2].[166Ho+3].[166Ho+3],InChI=1S/2Ho.3O/q2*+3;3*-2/i2*1+1;;;,OWCYYNSBGXMRQN-ZWSKWMMYSA-N,holmium-166(3+);oxygen(2-),Ho2O3
11963738,Fe+4,[Fe+4],InChI=1S/Fe/q+4,SGGMZBKLQLBBLK-UHFFFAOYSA-N,iron(4+),Fe
11966234,Fe+6,[Fe+6],InChI=1S/Fe/q+6,FOKDVQZWYLHGGQ-UHFFFAOYSA-N,iron(6+),Fe
12077175,Fe+5,[Fe+5],InChI=1S/Fe/q+5,CYCSEDRJRMCANL-UHFFFAOYSA-N,iron(5+),Fe
12195978,Gd+2,[Gd+2],InChI=1S/Gd/q+2,UVTDZAPQOTUWGV-UHFFFAOYSA-N,gadolinium(2+),Gd
12447866,Ni,[62Ni],InChI=1S/Ni/i1+3,PXHVJJICTQNCMI-AKLPVKDBSA-N,nickel-62,Ni
12447868,Ni,[64Ni],InChI=1S/Ni/i1+5,PXHVJJICTQNCMI-BKFZFHPZSA-N,nickel-64,Ni
12895826,Zn,[66Zn],InChI=1S/Zn/i1+1,HCHKCACWOHOZIP-OUBTZVSYSA-N,zinc-66,Zn
13370006,Zn,[68Zn],InChI=1S/Zn/i1+3,HCHKCACWOHOZIP-AKLPVKDBSA-N,zinc-68,Zn
13741908,O2Si,O1O[Si]1,InChI=1S/O2Si/c1-2-3-1,YAAYWTGAIBGPNI-UHFFFAOYSA-N,,SiO2
15764055,FeO+,O=[Fe+],InChI=1S/Fe.O/q+1;,PQLDYNYRMUQWQP-UHFFFAOYSA-N,oxoiron(1+),FeO
15836083,OTi+,O=[Ti+],InChI=1S/O.Ti/q;+1,BSQBFKJKNDURTG-UHFFFAOYSA-N,oxotitanium(1+),TiO
16019983,MoSi2,[Si]#[Si].[Mo],InChI=1S/Mo.Si2/c;1-2,JSCBLHMZTDIYQR-UHFFFAOYSA-N,,MoSi2
16036259,Mn2O3,O=[Mn]O[Mn]=O,InChI=1S/2Mn.3O,GEYXPJBPASPPLI-UHFFFAOYSA-N,oxo(oxomanganiooxy)manganese,Mn2O3
16048635,Si+,[Si+],InChI=1S/Si/q+1,FSLGCYNKXXIWGJ-UHFFFAOYSA-N,silicon(1+),Si
16048636,O3Y2,[O-2].[O-2].[O-2].[90Y+3].[90Y+3],InChI=1S/3O.2Y/q3*-2;2*+3/i;;;2*1+1,RUDFQVOCFDJEEF-AXFPHJBVSA-N,oxygen(2-);yttrium-90(3+),Y2O3
16048637,Si,[30Si],InChI=1S/Si/i1+2,XUIMIQQOPSSXEZ-NJFSPNSNSA-N,silicon-30,Si
16048890,Si,[28Si],InChI=1S/Si/i1+0,XUIMIQQOPSSXEZ-IGMARMGPSA-N,silicon-28,Si
16179003,Al,[28Al],InChI=1S/Al/i1+1,XAGFODPZIPBFFR-OUBTZVSYSA-N,aluminum-28,Al
16207196,Zn+2,[66Zn+2],InChI=1S/Zn/q+2/i1+1,PTFCDOFLOPIGGS-OUBTZVSYSA-N,zinc-66(2+),Zn
16211978,Cu,[66Cu],InChI=1S/Cu/i1+2,RYGMFSIKBFXOCR-NJFSPNSNSA-N,copper-66,Cu
16684203,Si+2,[Si+2],InChI=1S/Si/q+2,SCWWYQXYCQMLOY-UHFFFAOYSA-N,silicon(2+),Si
16712618,Fe3O4,O=[Fe].O=[Fe]O[Fe]=O,InChI=1S/3Fe.4O,SZVJSHCCFOBDDC-UHFFFAOYSA-N,oxoiron;oxo(oxoferriooxy)iron,Fe3O4
16747781,OTl2,O([Tl])[Tl],InChI=1S/O.2Tl,KFAIYPBIFILLEZ-UHFFFAOYSA-N,lambda1-thallanyloxythallium,Tl2O
18346908,Al2O3,O1[Al]2O[Al]1O2,InChI=1S/2Al.3O,TWNQGVIAIRXVLR-UHFFFAOYSA-N,"2,4,5-trioxa-1,3-dialuminabicyclo[1.1.1]pentane",Al2O3
18709950,O2Sn,[O-2].[O-2].[Sn+4],InChI=1S/2O.Sn/q2*-2;+4,DDSPUNTXKUFWTM-UHFFFAOYSA-N,oxygen(2-);tin(4+),SnO2
19385199,Cu2O,O=[Cu].[Cu],InChI=1S/2Cu.O,BERDEBHAJNAUOM-UHFFFAOYSA-N,copper;oxocopper,Cu2O
20394915,Ag2O,O=[Ag].[Ag],InChI=1S/2Ag.O,KHJDQHIZCZTCAE-UHFFFAOYSA-N,oxosilver;silver,Ag2O
20439630,As2O5,[O-2].[O-2].[O-2].[O-2].[O-2].[As+5].[As+5],InChI=1S/2As.5O/q2*+5;5*-2,NFNWLFYAYMNVKM-UHFFFAOYSA-N,arsenic(5+);oxygen(2-),As2O5
20597791,MnO3-6,[O-2].[O-2].[O-2].[Mn],InChI=1S/Mn.3O/q;3*-2,UYUSJNUYZLTWRY-UHFFFAOYSA-N,manganese;oxygen(2-),MnO3
20975639,Co3O4-2,[O-2].[O-2].[O-2].[O-2].[Co+2].[Co+2].[Co+2],InChI=1S/3Co.4O/q3*+2;4*-2,VBAPCNMUWGOCPN-UHFFFAOYSA-N,cobalt(2+);oxygen(2-),Co3O4
21256123,Cr2O3,O=[Cr](=O)=O.[Cr],InChI=1S/2Cr.3O,QDOXWKRWXJOMAK-UHFFFAOYSA-N,chromium;trioxochromium,Cr2O3
21930463,CdS-2,[S-2].[Cd],InChI=1S/Cd.S/q;-2,HHBCCYZRNXHDOM-UHFFFAOYSA-N,cadmium;sulfide,CdS
22138154,Fe3O4-2,[O-2].[O-2].[O-2].[O-2].[Fe+2].[Fe+2].[Fe+2],InChI=1S/3Fe.4O/q3*+2;4*-2,IPPLQKQIHURHHK-UHFFFAOYSA-N,iron(2+);oxygen(2-),Fe3O4
22644374,OTl2,[O-2].[Tl+].[Tl+],InChI=1S/O.2Tl/q-2;2*+1,WKMKTIVRRLOHAJ-UHFFFAOYSA-N,oxygen(2-);thallium(1+),Tl2O
23083748,Si+3,[Si+3],InChI=1S/Si/q+3,SATIFLZDWYYRRT-UHFFFAOYSA-N,silicon(3+),Si
25008869,O2Si,[O-2].[O-2].[Si+4],InChI=1S/2O.Si/q2*-2;+4,ZMBYZFXRKKDSCM-UHFFFAOYSA-N,oxygen(2-);silicon(4+),SiO2
25087137,Fe2O4Zn,[O-2].[O-2].[O-2].[O-2].[Fe+3].[Fe+3].[Zn+2],InChI=1S/2Fe.4O.Zn/q2*+3;4*-2;+2,CPYIZQLXMGRKSW-UHFFFAOYSA-N,zinc;iron(3+);oxygen(2-),ZnFe2O4
25087149,Ga,[62Ga],InChI=1S/Ga/i1-8,GYHNNYVSQQEPJS-QQVBLGSISA-N,gallium-62,Ga
25087150,Fe,[58Fe],InChI=1S/Fe/i1+2,XEEYBQQBJWHFJM-NJFSPNSNSA-N,iron-58,Fe
25087153,Fe,[51Fe],InChI=1S/Fe/i1-5,XEEYBQQBJWHFJM-FTXFMUIASA-N,iron-51,Fe
25087154,Ce,[142Ce],InChI=1S/Ce/i1+2,GWXLDORMOJMVQZ-NJFSPNSNSA-N,cerium-142,Ce
25087162,Sn,[115Sn],InChI=1S/Sn/i1-4,ATJFFYVFTNAWJD-AHCXROLUSA-N,tin-115,Sn
25087164,Ce,[140Ce],InChI=1S/Ce/i1+0,GWXLDORMOJMVQZ-IGMARMGPSA-N,cerium-140,Ce
25087165,Ti,[47Ti],InChI=1S/Ti/i1-1,RTAQQCXQSZGOHL-BJUDXGSMSA-N,titanium-47,Ti
25087177,Nd,[143Nd],InChI=1S/Nd/i1-1,QEFYFXOXNSNQGX-BJUDXGSMSA-N,neodymium-143,Nd
25087182,Nd,[145Nd],InChI=1S/Nd/i1+1,QEFYFXOXNSNQGX-OUBTZVSYSA-N,neodymium-145,Nd
25087183,V,[52V],InChI=1S/V/i1+1,LEONUFNNVUYDNQ-OUBTZVSYSA-N,vanadium-52,V
25087187,Au,[196Au],InChI=1S/Au/i1-1,PCHJSUWPFVWCPO-BJUDXGSMSA-N,gold-196,Au
25153738,Ce,[146Ce],InChI=1S/Ce/i1+6,GWXLDORMOJMVQZ-LZFNBGRKSA-N,cerium-146,Ce
25195420,Ti,[51Ti],InChI=1S/Ti/i1+3,RTAQQCXQSZGOHL-AKLPVKDBSA-N,titanium-51,Ti
25195421,CdTe,[Cd].[Te],InChI=1S/Cd.Te,RPPBZEBXAAZZJH-UHFFFAOYSA-N,cadmium;tellurium,CdTe
42624151,Sn,[116Sn],InChI=1S/Sn/i1-3,ATJFFYVFTNAWJD-OIOBTWANSA-N,tin-116,Sn
42626439,Sn,[120Sn],InChI=1S/Sn/i1+1,ATJFFYVFTNAWJD-OUBTZVSYSA-N,tin-120,Sn
42626440,Y+3,[90Y+3],InChI=1S/Y/q+3/i1+1,GRTBAGCGDOYUBE-OUBTZVSYSA-N,yttrium-90(3+),Y
42626465,Au,[197Au],InChI=1S/Au/i1+0,PCHJSUWPFVWCPO-IGMARMGPSA-N,gold-197,Au
42626467,V,[51V],InChI=1S/V/i1+0,LEONUFNNVUYDNQ-IGMARMGPSA-N,vanadium-51,V
42628832,La,[139La],InChI=1S/La/i1+0,FZLIPJUXYLNCLC-IGMARMGPSA-N,lanthanum-139,La
42636441,Cu,[63Cu],InChI=1S/Cu/i1-1,RYGMFSIKBFXOCR-BJUDXGSMSA-N,copper-63,Cu
44140602,Y,[99Y],InChI=1S/Y/i1+10,VWQVUPCCIRVNHF-UOEDLBSCSA-N,yttrium-99,Y
44144625,O2Ti-,[O-][O].[Ti],InChI=1S/HO2.Ti/c1-2;/h1H;/p-1,ANOAOWNPTREFAS-UHFFFAOYSA-M,,TiO2
44144790,Zn,[67Zn],InChI=1S/Zn/i1+2,HCHKCACWOHOZIP-NJFSPNSNSA-N,zinc-67,Zn
44146792,CeO2,[O-2].[O-2].[144Ce+4],InChI=1S/Ce.2O/q+4;2*-2/i1+4;;,OFJATJUUUCAKMK-WUNIIZMUSA-N,cerium-144(4+);oxygen(2-),CeO2
44149370,Fe2O3,[O-2].[O-2].[O-2].[59Fe+3].[59Fe+3],InChI=1S/2Fe.3O/q2*+3;3*-2/i2*1+3;;;,LIKBJVNGSGBSGK-BICBLTJXSA-N,iron-59(3+);oxygen(2-),Fe2O3
44150586,Fe,[54Fe],InChI=1S/Fe/i1-2,XEEYBQQBJWHFJM-YPZZEJLDSA-N,iron-54,Fe
44151867,Cr,[52Cr],InChI=1S/Cr/i1+0,VYZAMTAEIAYCRO-IGMARMGPSA-N,chromium-52,Cr
44152085,Cu,[65Cu],InChI=1S/Cu/i1+1,RYGMFSIKBFXOCR-OUBTZVSYSA-N,copper-65,Cu
44152648,Ga,[71Ga],InChI=1S/Ga/i1+1,GYHNNYVSQQEPJS-OUBTZVSYSA-N,gallium-71,Ga
44152739,Ni,[60Ni],InChI=1S/Ni/i1+1,PXHVJJICTQNCMI-OUBTZVSYSA-N,nickel-60,Ni
44154720,Nd,[148Nd],InChI=1S/Nd/i1+4,QEFYFXOXNSNQGX-RNFDNDRNSA-N,neodymium-148,Nd
44154792,Ge,[72Ge],InChI=1S/Ge/i1-1,GNPVGFCGXDBREM-BJUDXGSMSA-N,germanium-72,Ge
44469407,La,[134La],InChI=1S/La/i1-5,FZLIPJUXYLNCLC-FTXFMUIASA-N,lanthanum-134,La
44602546,Gd,[152Gd],InChI=1S/Gd/i1-5,UIWYJDYFSGRHKR-FTXFMUIASA-N,gadolinium-152,Gd
46830028,Fe3O4+,[O-2].[O-2].[O-2].[O-2].[Fe+3].[Fe+3].[Fe+3],InChI=1S/3Fe.4O/q3*+3;4*-2,SDBUERHALQGYQV-UHFFFAOYSA-N,iron(3+);oxygen(2-),Fe3O4
46898734,CoFe2O4,[O-2].[O-2].[O-2].[O-2].[Fe+3].[Fe+3].[Co+2],InChI=1S/Co.2Fe.4O/q+2;2*+3;4*-2,MMOVVVBHLUGHGW-UHFFFAOYSA-N,cobalt(2+);iron(3+);oxygen(2-),CoFe2O4
46898737,Y+3,[86Y+3],InChI=1S/Y/q+3/i1-3,GRTBAGCGDOYUBE-OIOBTWANSA-N,yttrium-86(3+),Y
46907976,Sn+4,[117Sn+4],InChI=1S/Sn/q+4/i1-2,SYRHIZPPCHMRIT-YPZZEJLDSA-N,tin-117(4+),Sn
50912014,Pt+4,[195Pt+4],InChI=1S/Pt/q+4/i1+0,NDBYXKQCPYUOMI-IGMARMGPSA-N,platinum-195(4+),Pt
51352783,OTi+2,[O-2].[Ti+4],InChI=1S/O.Ti/q-2;+4,HCEIGVNAWPRQFB-UHFFFAOYSA-N,oxygen(2-);titanium(4+),TiO
51352785,Al2O4-2,[O-][Al]=O.[O-][Al]=O,InChI=1S/2Al.4O/q;;;;2*-1,RBHSDMJWWDJHTP-UHFFFAOYSA-N,oxido(oxo)alumane,Al2O4
53393468,Gd+3,[159Gd+3],InChI=1S/Gd/q+3/i1+2,RJOJUSXNYCILHH-NJFSPNSNSA-N,gadolinium-159(3+),Gd
54769705,Sn+4,[125Sn+4],InChI=1S/Sn/q+4/i1+6,SYRHIZPPCHMRIT-LZFNBGRKSA-N,tin-125(4+),Sn
56841929,CoFe2O4,[O-][Fe]=O.[O-][Fe]=O.[Co+2],InChI=1S/Co.2Fe.4O/q+2;;;;;2*-1,JAMSXWSAXCQXSE-UHFFFAOYSA-N,cobalt(2+);oxido(oxo)iron,CoFe2O4
56843737,O3Ti2+2,[O-2].[O-2].[O-2].[Ti+4].[Ti+4],InChI=1S/3O.2Ti/q3*-2;2*+4,QBNKFXYJSJOGEL-UHFFFAOYSA-N,oxygen(2-);titanium(4+),Ti2O3
57449925,BeO,[7Be]=O,InChI=1S/Be.O/i1-2;,LTPBRCUWZOMYOC-FXMLPJBTSA-N,oxo(7Be)beryllium-7,BeO
58280986,Sr,[84Sr],InChI=1S/Sr/i1-4,CIOAGBVUUVVLOB-AHCXROLUSA-N,strontium-84,Sr
58302941,Ag2O,O=[Ag].[Ag],InChI=1S/2Ag.O,KHJDQHIZCZTCAE-UHFFFAOYSA-N,oxosilver;silver,Ag2O
59423141,Bi2O3,O=[Bi].O=[Bi]=O,InChI=1S/2Bi.3O,WMWLMWRWZQELOS-UHFFFAOYSA-N,,Bi2O3
59475671,MnO+,[O+]#[Mn],InChI=1S/Mn.O/q;+1,LVPDYPVQUPXEGJ-UHFFFAOYSA-N,oxoniumylidynemanganese,MnO
59479314,O3Sb2,O=[Sb].O=[Sb]=O,InChI=1S/3O.2Sb,ADCOVFLJGNWWNZ-UHFFFAOYSA-N,,Sb2O3
60132476,Mn2O,O=[Mn].[Mn],InChI=1S/2Mn.O,HKOIEASMLFGBQY-UHFFFAOYSA-N,manganese;oxomanganese,Mn2O
60160913,MnO2-,[O-][Mn]=O,InChI=1S/Mn.2O/q;;-1,RHJXHJNJEYHQHO-UHFFFAOYSA-N,oxido(oxo)manganese,MnO2
66561989,Al2O3,O(O[Al])O[Al],InChI=1S/2Al.H2O3/c;;1-3-2/h;;1-2H/q2*+1;/p-2,KGXDSEDBTZXOHF-UHFFFAOYSA-L,,Al2O3
71308967,O2Pb-,[O-][Pb]=O,InChI=1S/2O.Pb/q;-1;,JRGXDBHXRGJEPV-UHFFFAOYSA-N,,PbO2
71309212,Fe+2,[55Fe+2],InChI=1S/Fe/q+2/i1-1,CWYNVVGOOAEACU-BJUDXGSMSA-N,iron-55(2+),Fe
71309411,Fe2O3,[17O]=[Fe][17O][Fe]=[17O],InChI=1S/2Fe.3O/i;;3*1+1,JEIPFZHSYJVQDO-AMUARUGPSA-N,oxidanylidene((17O)oxidanylideneferriooxy)iron,Fe2O3
71309460,Al2O3,[18O]=[Al][18O][Al]=[18O],InChI=1S/2Al.3O/i;;3*1+2,TWNQGVIAIRXVLR-GXHKVCSBSA-N,oxidanylidene((18O)oxidanylidenealumanyloxy)alumane,Al2O3
71470122,Zn,[70Zn],InChI=1S/Zn/i1+5,HCHKCACWOHOZIP-BKFZFHPZSA-N,zinc-70,Zn
71470123,OZn,O=[70Zn],InChI=1S/O.Zn/i;1+5,XLOMVQKBTHCTTD-REMDJTAUSA-N,oxo(70Zn)zinc-70,ZnO
71510780,OZn,[O-2].[67Zn+2],InChI=1S/O.Zn/q-2;+2/i;1+2,RNWHGQJWIACOKP-NLQOEHMXSA-N,oxygen(2-);zinc-67(2+),ZnO
71510781,CuO,[O-2].[65Cu+2],InChI=1S/Cu.O/q+2;-2/i1+1;,KKCXRELNMOYFLS-YTBWXGASSA-N,copper-65(2+);oxygen(2-),CuO
71510783,CuO,[O-2].[65Cu+2],InChI=1S/Cu.O/q+2;-2/i1+1;,KKCXRELNMOYFLS-YTBWXGASSA-N,copper-65(2+);oxygen(2-),CuO/ZnO
71586741,Cu+2,[64Cu+2],InChI=1S/Cu/q+2/i1+0,JPVYNHNXODAKFH-IGMARMGPSA-N,copper-64(2+),Cu
71587104,Co+2,[57Co+2],InChI=1S/Co/q+2/i1-2,XLJKHNWPARRRJB-YPZZEJLDSA-N,cobalt-57(2+),Co
71587231,Co+2,[58Co+2],InChI=1S/Co/q+2/i1-1,XLJKHNWPARRRJB-BJUDXGSMSA-N,cobalt-58(2+),Co
71587235,Nd,[142Nd],InChI=1S/Nd/i1-2,QEFYFXOXNSNQGX-YPZZEJLDSA-N,neodymium-142,Nd
72280065,Fe+2,[57Fe+2],InChI=1S/Fe/q+2/i1+1,CWYNVVGOOAEACU-OUBTZVSYSA-N,iron-57(2+),Fe
72302572,Sr+2,[87Sr+2],InChI=1S/Sr/q+2/i1-1,PWYYWQHXAPXYMF-BJUDXGSMSA-N,strontium-87(2+),Sr
73415796,O3Sm2,[O-2].[O-2].[O-2].[152Sm+3].[152Sm+3],InChI=1S/3O.2Sm/q3*-2;2*+3/i;;;2*1+2,FKTOIHSPIPYAPE-VGYFORNWSA-N,oxygen(2-);samarium-152(3+),Sm2O3
73431504,O3Sb2,O=[Sb].O=[Sb]=O,InChI=1S/3O.2Sb,ADCOVFLJGNWWNZ-UHFFFAOYSA-N,,Sb2O3
73456785,Mn2O,O=[Mn].[Mn],InChI=1S/2Mn.O,HKOIEASMLFGBQY-UHFFFAOYSA-N,manganese;oxomanganese,Mn2O
73557522,CrO2,[O-2].[O-2].[Cr+4],InChI=1S/Cr.2O/q+4;2*-2,IAQWMWUKBQPOIY-UHFFFAOYSA-N,chromium(4+);oxygen(2-),CrO2
73608878,Cu2O,O=[Cu].[Cu],InChI=1S/2Cu.O,BERDEBHAJNAUOM-UHFFFAOYSA-N,copper;oxocopper,Cu2O
73952216,Cr+3,[51Cr+3],InChI=1S/Cr/q+3/i1-1,BFGKITSFLPAWGI-BJUDXGSMSA-N,chromium-51(3+),Cr
76960673,Bi2O3,O1[Bi]2O[Bi]1O2,InChI=1S/2Bi.3O,WMWLMWRWZQELOS-UHFFFAOYSA-N,"2,4,5-trioxa-1,3-dibismabicyclo[1.1.1]pentane",Bi2O3
76964293,Ge+4,[Ge+4],InChI=1S/Ge/q+4,CULSIAXQVSZNSV-UHFFFAOYSA-N,germanium(4+),Ge
76968747,Fe+2,[59Fe+2],InChI=1S/Fe/q+2/i1+3,CWYNVVGOOAEACU-AKLPVKDBSA-N,iron-59(2+),Fe
76968890,Sr+2,[83Sr+2],InChI=1S/Sr/q+2/i1-5,PWYYWQHXAPXYMF-FTXFMUIASA-N,strontium-83(2+),Sr
86769164,Fe+3,[52Fe+3],InChI=1S/Fe/q+3/i1-4,VTLYFUHAOXGGBS-AHCXROLUSA-N,iron-52(3+),Fe
90478414,Fe+2,[58Fe+2],InChI=1S/Fe/q+2/i1+2,CWYNVVGOOAEACU-NJFSPNSNSA-N,iron-58(2+),Fe
91617939,Sr+2,[92Sr+2],InChI=1S/Sr/q+2/i1+4,PWYYWQHXAPXYMF-RNFDNDRNSA-N,strontium-92(2+),Sr
121233902,Fe3O4,[O-2].O=[Fe]O[Fe]=O.[Fe+2],InChI=1S/3Fe.4O/q;;+2;;;;-2,VGLCBHSSLQHGBS-UHFFFAOYSA-N,iron(2+);oxo(oxoferriooxy)iron;oxygen(2-),Fe3O4
124202810,GeO2,[O-2].[O-2].[Ge+4],InChI=1S/Ge.2O/q+4;2*-2,OLQSNYOQJMTVNH-UHFFFAOYSA-N,germanium(4+);oxygen(2-),GeO2
124202834,O5Sb2,[O-2].[O-2].[O-2].[O-2].[O-2].[Sb+5].[Sb+5],InChI=1S/5O.2Sb/q5*-2;2*+5,HFDPUERWEDZVAU-UHFFFAOYSA-N,antimony(5+);oxygen(2-),Sb2O5
124202835,Sn,[122Sn],InChI=1S/Sn/i1+3,ATJFFYVFTNAWJD-AKLPVKDBSA-N,tin-122,Sn
129627663,MoSi2,[Si]#[Si].[Mo],InChI=1S/Mo.Si2/c;1-2,JSCBLHMZTDIYQR-UHFFFAOYSA-N,,MoSi2
129627673,Li2O,[7Li+].[7Li+].[O-2],InChI=1S/2Li.O/q2*+1;-2/i2*1+0;,FUJCRWPEOMXPAD-ONPSQTMSSA-N,lithium-7(1+);oxygen(2-),Li2O
129659989,Li2O,[6Li+].[6Li+].[O-2],InChI=1S/2Li.O/q2*+1;-2/i2*1-1;,FUJCRWPEOMXPAD-NQTTVQCTSA-N,lithium-6(1+);oxygen(2-),Li2O
129679471,Fe3O4,[O-][Fe]=O.O=[Fe].O=[Fe+],InChI=1S/3Fe.4O/q;;+1;;;;-1,NSBULZMTPGUDNM-UHFFFAOYSA-N,oxido(oxo)iron;oxoiron;oxoiron(1+),Fe3O4
131708370,Fe2O3,[O-][Fe]=O.O=[Fe+],InChI=1S/2Fe.3O/q;+1;;;-1,NPORJETZYCYJKH-UHFFFAOYSA-N,oxido(oxo)iron;oxoiron(1+),Fe2O3
131708371,O3Ti2,[O-][Ti]=O.O=[Ti+],InChI=1S/3O.2Ti/q;;-1;;+1,PXIAGASXYGQEIQ-UHFFFAOYSA-N,oxido(oxo)titanium;oxotitanium(1+),Ti2O3
131708376,Fe2O4Zn,[O-][Fe]=O.O=[Fe+].O=[Zn],InChI=1S/2Fe.4O.Zn/q;+1;;;;-1;,VTZMLLLGEMNTJX-UHFFFAOYSA-N,oxido(oxo)iron;oxoiron(1+);oxozinc,ZnFe2O4
131708388,Ge,[70Ge],InChI=1S/Ge/i1-3,GNPVGFCGXDBREM-OIOBTWANSA-N,germanium-70,Ge
131708389,Ge,[76Ge],InChI=1S/Ge/i1+3,GNPVGFCGXDBREM-AKLPVKDBSA-N,germanium-76,Ge
131708394,Sn,[124Sn],InChI=1S/Sn/i1+5,ATJFFYVFTNAWJD-BKFZFHPZSA-N,tin-124,Sn
131708395,Ce,[136Ce],InChI=1S/Ce/i1-4,GWXLDORMOJMVQZ-AHCXROLUSA-N,cerium-136,Ce
131708396,Ce,[138Ce],InChI=1S/Ce/i1-2,GWXLDORMOJMVQZ-YPZZEJLDSA-N,cerium-138,Ce
131708399,Er,[162Er],InChI=1S/Er/i1-5,UYAHIZSMUZPPFV-FTXFMUIASA-N,erbium-162,Er
131708400,Er,[164Er],InChI=1S/Er/i1-3,UYAHIZSMUZPPFV-OIOBTWANSA-N,erbium-164,Er
131708402,Er,[167Er],InChI=1S/Er/i1+0,UYAHIZSMUZPPFV-IGMARMGPSA-N,erbium-167,Er
131708403,Nd,[144Nd],InChI=1S/Nd/i1+0,QEFYFXOXNSNQGX-IGMARMGPSA-N,neodymium-144,Nd
131708404,Nd,[150Nd],InChI=1S/Nd/i1+6,QEFYFXOXNSNQGX-LZFNBGRKSA-N,neodymium-150,Nd
131708405,Ti,[46Ti],InChI=1S/Ti/i1-2,RTAQQCXQSZGOHL-YPZZEJLDSA-N,titanium-46,Ti
131728961,Ti,[48Ti],InChI=1S/Ti/i1+0,RTAQQCXQSZGOHL-IGMARMGPSA-N,titanium-48,Ti
133701350,Ti,[49Ti],InChI=1S/Ti/i1+1,RTAQQCXQSZGOHL-OUBTZVSYSA-N,titanium-49,Ti
134991143,Ti,[50Ti],InChI=1S/Ti/i1+2,RTAQQCXQSZGOHL-NJFSPNSNSA-N,titanium-50,Ti
138395183,Fe2O3-2,[O-2].[O-2].[O-2].[Fe+2].[Fe+2],InChI=1S/2Fe.3O/q2*+2;3*-2,BZZSWBNIUDHODL-UHFFFAOYSA-N,iron(2+);oxygen(2-),Fe2O3
139035505,Co3O4,[O-][Co]=O.[O-][Co]=O.[Co+2],InChI=1S/3Co.4O/q;;+2;;;2*-1,GFOPQADAXUKKDX-UHFFFAOYSA-N,cobalt(2+);oxido(oxo)cobalt,Co3O4
139036513,Ga2O3,O1[Ga]2O[Ga]1O2,InChI=1S/2Ga.3O,QZQVBEXLDFYHSR-UHFFFAOYSA-N,"2,4,5-trioxa-1,3-digallabicyclo[1.1.1]pentane",Ga2O3
139036571,NbO+3,[O-2].[Nb+5],InChI=1S/Nb.O/q+5;-2,NCUONZBBRIYSCP-UHFFFAOYSA-N,niobium(5+);oxygen(2-),NbO
139046089,Pr,[141Pr],InChI=1S/Pr/i1+0,PUDIUYLPXJFUGB-IGMARMGPSA-N,praseodymium-141,Pr
139047025,Li2O,[Li+].[Li+].[O-2],InChI=1S/2Li.O/q2*+1;-2,FUJCRWPEOMXPAD-UHFFFAOYSA-N,dilithium;oxygen(2-),Li2O
140455849,BeO,[Be+2].[O-2],InChI=1S/Be.O/q+2;-2,QRPNDIYNTUICCP-UHFFFAOYSA-N,beryllium;oxygen(2-),BeO
154098674,BaO,[O-2].[Ba+2],InChI=1S/Ba.O/q+2;-2,CSSYLTMKCUORDA-UHFFFAOYSA-N,barium(2+);oxygen(2-),BaO
154731601,Cs2O,[O-2].[Cs+].[Cs+],InChI=1S/2Cs.O/q2*+1;-2,KOPBYBDAPCDYFK-UHFFFAOYSA-N,dicesium;oxygen(2-),Cs2O
154734330,MnO-,O=[Mn-],InChI=1S/Mn.O/q-1;,ZBJNFFMIUGUHIG-UHFFFAOYSA-N,oxomanganese(1-),MnO
154735178,Cu2O,O=[Cu].[Cu],InChI=1S/2Cu.O,BERDEBHAJNAUOM-UHFFFAOYSA-N,copper;oxocopper,Cu2O
154791260,Cu+2,[67Cu+2],InChI=1S/Cu/q+2/i1+3,JPVYNHNXODAKFH-AKLPVKDBSA-N,copper-67(2+),Cu
155885211,O2Ti-2,[O-2].[O-2].[Ti+2],InChI=1S/2O.Ti/q2*-2;+2,LEMYXEJBSHBMSA-UHFFFAOYSA-N,oxygen(2-);titanium(2+),TiO2
155926123,CuI,[65Cu+].[I-],InChI=1S/Cu.HI/h;1H/q+1;/p-1/i1+1;,LSXDOTMGLUJQCM-YTBWXGASSA-M,copper-65(1+);iodide,CuI
156022695,O5Ta2-10,[O-2].[O-2].[O-2].[O-2].[O-2].[Ta].[Ta],InChI=1S/5O.2Ta/q5*-2;;,CZMKGISFTMNCER-UHFFFAOYSA-N,oxygen(2-);tantalum,Ta2O5
156022700,Fe3O4,[O-][Fe]=O.[O-][Fe]=O.[Fe+2],InChI=1S/3Fe.4O/q;;+2;;;2*-1,YCCUJXVJQHNRFP-UHFFFAOYSA-N,iron(2+);oxido(oxo)iron,Fe3O4
156022701,Mn,[55Mn],InChI=1S/Mn/i1+0,PWHULOQIROXLJO-IGMARMGPSA-N,manganese-55,Mn
156022708,Al+3,[27Al+3],InChI=1S/Al/q+3/i1+0,REDXJYDRNCIFBQ-IGMARMGPSA-N,aluminum-27(3+),Al
157178562,Co+3,[59Co+3],InChI=1S/Co/q+3/i1+0,JAWGVVJVYSANRY-IGMARMGPSA-N,cobalt-59(3+),Co
157932215,Ni+2,[60Ni+2],InChI=1S/Ni/q+2/i1+1,VEQPNABPJHWNSG-OUBTZVSYSA-N,nickel-60(2+),Ni
158279314,Sr+2,[88Sr+2],InChI=1S/Sr/q+2/i1+0,PWYYWQHXAPXYMF-IGMARMGPSA-N,strontium-88(2+),Sr
158346680,Mn2O3,[O-][Mn](=O)[O-].[Mn+2],InChI=1S/2Mn.3O/q;+2;;2*-1,AOHPBDZCSOZZNB-UHFFFAOYSA-N,dioxido(oxo)manganese;manganese(2+),Mn2O3
158952597,Mn2O3-2,[O-2].[O-2].[O-2].[Mn+2].[Mn+2],InChI=1S/2Mn.3O/q2*+2;3*-2,DVUKRTULEBLPQQ-UHFFFAOYSA-N,manganese(2+);oxygen(2-),Mn2O3
159016255,Cu2O+,O=[Cu].[Cu+],InChI=1S/2Cu.O/q;+1;,GJZZYOSBDIAFON-UHFFFAOYSA-N,copper(1+);oxocopper,Cu2O
159147760,Mn2O3-4,[O-2].[O-2].[O-2].[Mn].[Mn+2],InChI=1S/2Mn.3O/q;+2;3*-2,RARSPOZYXFWLOM-UHFFFAOYSA-N,manganese;manganese(2+);oxygen(2-),Mn2O3
159352432,MnO3,[O-][O+]=O.[Mn],InChI=1S/Mn.O3/c;1-3-2,JLPTWMIOVHRHMQ-UHFFFAOYSA-N,manganese;ozone,MnO3
159561309,CrO2,O=O.[Cr],InChI=1S/Cr.O2/c;1-2,JTCYBTXGWDOCPU-UHFFFAOYSA-N,chromium;molecular oxygen,CrO2
159860540,O2Ti,[O-2].O=[Ti+2],InChI=1S/2O.Ti/q;-2;+2,KIXBGWLKUVHWJS-UHFFFAOYSA-N,oxotitanium(2+);oxygen(2-),TiO2
160142709,CrO3-2,[O-2].[O-2].[O-2].[Cr+4],InChI=1S/Cr.3O/q+4;3*-2,LHMNQXHCRXRSIN-UHFFFAOYSA-N,chromium(4+);oxygen(2-),CrO3
160410253,O2Si,O=O.[Si],InChI=1S/O2.Si/c1-2;,MGQQZGJIMOVHRZ-UHFFFAOYSA-N,,SiO2
160812231,MnO2,O=O.[Mn],InChI=1S/Mn.O2/c;1-2,NRBVSQNZIGXCQD-UHFFFAOYSA-N,manganese;molecular oxygen,MnO2
160816129,O2Ti,O=O.[Ti],InChI=1S/O2.Ti/c1-2;,OZMVUCJJAMSDGN-UHFFFAOYSA-N,molecular oxygen;titanium,TiO2
160863618,OZn,O=[64Zn],InChI=1S/O.Zn/i;1-1,XLOMVQKBTHCTTD-HCMAANCNSA-N,oxo(64Zn)zinc-64,ZnO
161355091,O2Zr,O=O.[Zr],InChI=1S/O2.Zr/c1-2;,SELFPULJJONQET-UHFFFAOYSA-N,molecular oxygen;zirconium,ZrO2
164181114,Al2O4-2,[O-2].[O-2].[O-2].[O-2].[Al+3].[Al+3],InChI=1S/2Al.4O/q2*+3;4*-2,SEXSNTVLVUSITB-UHFFFAOYSA-N,dialuminum;oxygen(2-),Al2O4
165366800,O5V2-6,[O-2].[O-2].[O-2].[O-2].[O-2].[V].[V+4],InChI=1S/5O.2V/q5*-2;;+4,HWPZIKHMEVJCKQ-UHFFFAOYSA-N,oxygen(2-);vanadium;vanadium(4+),V2O5
,Ag2O+,O=[Ag].[Ag+],InChI=1S/2Ag.O/q;+1;,VOKYXEWECPLKFA-UHFFFAOYSA-N,silver;oxosilver,Ag2O
,O2Sn,O=O.[Sn],InChI=1S/O2.Sn/c1-2;,QEWZZTZNIDHGMD-UHFFFAOYSA-N,,SnO2
,O2Pb,O=O.[Pb],InChI=1S/O2.Pb/c1-2;,RNIYAVBYYJZZRF-UHFFFAOYSA-N,,PbO2
